Workbook

Sheet Sheet1 (2)
B2: client status | C2: Mapped code | D2: Client | E2: Mar Final chargeable weight | F2: Mar Total Revenue | G2: Feb RPK | H2: Apr Final chargeable weight | I2: Apr Total Revenue | J2: Apr RPK | K2: Rev diff | L2: Comemnt | M2: remarks | N2: Rev % | O2: others | P2: KAM
B3: New client (Aug'25) | C3: Himalaya_Wellness_B2B | D3: HIMALAYA WELLNESS COMPANY | E3: 0 | F3: 364 | G3: 0 | H3: 405578 | I3: 2691253 | J3: 6.6355991 | K3: 2690889 | L3: Top 20 | N3: 7392.5522 | P3: Nadir
B4: New client (Feb'26) | C4: PROELIUM_B2B | D4: Proelium Learning Solutions Private Limited | E4: 5663 | F4: 53219 | G4: 9.3976691 | H4: 28045 | I4: 961501 | J4: 34.284222 | K4: 908282 | L4: Top 20 | N4: 17.066875 | P4: Sanchit
B5: 0 | C5: ASIAN_RETAIL_B2B | D5: ASIAN RETAIL VENTURES | E5: 0 | F5: 0 | G5: 0 | H5: 79542 | I5: 864401 | J5: 10.867227 | K5: 864401 | L5: Top 20 | N5: #DIV/0! | P5: Rahul
B6: New (Aug) | C6: AbrosSports_B2B | D6: ABROS SPORTS INTERNATIONAL PRIVATE LIMITED | E6: 160436 | F6: 1497477 | G6: 9.3337967 | H6: 132434 | I6: 2361616 | J6: 17.8324 | K6: 864139 | L6: Top 20 | N6: 0.57706329 | P6: Keshav
B7: New client (Nov'25) | C7: MVIKAS_B2B | D7: MVIKAS SUPER LOGISTICS PRIVATE LIMITED | E7: 48367 | F7: 554088 | G7: 11.45591 | H7: 102702 | I7: 1279882 | J7: 12.462094 | K7: 725794 | L7: Top 20 | N7: 1.3098894 | P7: Gaurav
B8: New July'24 | C8: Signify_Innovations_B2B | D8: SIGNIFY INNOVATIONS INDIA LIMITED | E8: 123482 | F8: 961020 | G8: 7.7826728 | H8: 231417 | I8: 1677383 | J8: 7.2483137 | K8: 716363 | L8: Top 20 | N8: 0.74541945 | P8: Amrit
B9: 0 | C9: GodrejBoyce_B2B | D9: GODREJ AND BOYCE MANUFACTURING CO LTD. | E9: 46256 | F9: 594199 | G9: 12.845879 | H9: 114592 | I9: 1299454 | J9: 11.339832 | K9: 705255 | L9: Top 20 | N9: 1.1869003 | P9: Keshav
B10: 0 | C10: Apollosupplychain_B2B | D10: Apollo Supply Chain Private Limited | E10: 70627 | F10: 959537 | G10: 13.58598 | H10: 121242 | I10: 1552474 | J10: 12.804754 | K10: 592937 | L10: Top 20 | N10: 0.61794074 | P10: Tasleem
B11: New client (Feb'26) | C11: KORES_OUTBOUND_B2B | D11: KORES INDIA LIMITED | E11: 50971 | F11: 403873 | G11: 7.923584 | H11: 128449 | I11: 995455 | J11: 7.7498073 | K11: 591582 | L11: Top 20 | N11: 1.4647723 | P11: Pratik
B12: New Client(March'26) | C12: RASNA_INDIA_B2B | D12: RASNA PRIVATE LIMITED | E12: 0 | F12: 0 | G12: 0 | H12: 73865 | I12: 565439 | J12: 7.6550328 | K12: 565439 | L12: Top 20 | N12: #DIV/0! | P12: Pooja
B13: New client (Feb'26) | C13: CARGOWALE_B2B | D13: B2B CARGOWALE PRIVATE LIMITED | E13: 9892 | F13: 101958 | G13: 10.307117 | H13: 65989 | I13: 638681 | J13: 9.6785979 | K13: 536723 | L13: Top 20 | N13: 5.2641578 | P13: Avinash
B14: New client (Aug'25) | C14: CULTSPORT_Haryana_B2B | D14: CULTSPORT PRIVATE LIMITED | E14: 1314 | F14: 26752 | G14: 20.359209 | H14: 37401 | I14: 496260 | J14: 13.268629 | K14: 469508 | L14: Top 20 | N14: 17.550389 | P14: Harisha
B15: 0 | C15: PD_Logistics_B2B | D15: PD LOGISTICS | E15: 1915 | F15: 19059 | G15: 9.9524804 | H15: 39571 | I15: 484698 | J15: 12.248819 | K15: 465639 | L15: Top 20 | N15: 24.43145 | P15: Sanchit
B16: 0 | C16: Sassafras_B2B | D16: Kalyr Retail Private Limited | E16: 23224 | F16: 333149 | G16: 14.345031 | H16: 56908 | I16: 782216 | J16: 13.745273 | K16: 449067 | L16: Top 20 | N16: 1.3479464 | P16: Tasleem
B17: New(Jan) | C17: ACEFOUR_ACCESSORIES_B2B | D17: ACEFOUR ACCESSORIES PRIVATE LIMITED | E17: 26052 | F17: 203353 | G17: 7.8056579 | H17: 77454 | I17: 643726 | J17: 8.311075 | K17: 440373 | L17: Top 20 | N17: 2.1655594 | P17: Pratik
B18: New Client(April'26) | C18: PROZO_INTEGRATED_B2B | D18: PROZO INTEGRATED LOGISTICS PRIVATE LIMITED | E18: 0 | F18: 0 | G18: 0 | H18: 43756 | I18: 424667 | J18: 9.7053433 | K18: 424667 | L18: Top 20 | N18: #DIV/0! | P18: Avinash
B19: New client (Feb'26) | C19: ALPINO_B2B | D19: ALPINO HEALTH FOODS PRIVATE LIMITED | E19: 3000 | F19: 44332 | G19: 14.777333 | H19: 30944 | I19: 422423 | J19: 13.651209 | K19: 378091 | L19: Top 20 | N19: 8.5286249 | P19: Pooja
B20: New Client(March'26) | C20: HACHI_B2B | D20: HACHI WILSON INDIA | E20: 1978 | F20: 24271 | G20: 12.270475 | H20: 27867 | I20: 385470 | J20: 13.83249 | K20: 361199 | L20: Top 20 | N20: 14.881917 | P20: Avinash
B21: New client (Oct'25) | C21: TUAREG_B2B | D21: TUAREG MARKETING PRIVATE LIMITED | E21: 3448 | F21: 41317 | G21: 11.982889 | H21: 36967 | I21: 369688 | J21: 10.000487 | K21: 328371 | L21: Top 20 | N21: 7.9476003 | P21: Deepika
B22: New client (Mar'26) | C22: PANCHANAN_B2B | D22: PANCHANAN INTERNATIONAL PRIVATE LIMITED | E22: 10697 | F22: 110130 | G22: 10.29541 | H22: 33676 | I22: 399467 | J22: 11.862068 | K22: 289337 | L22: Top 20 | N22: 2.6272315 | P22: Rahul
B23: 0 | C23: AGILITAS_B2B | D23: AGILITAS BRANDS PRIVATE LIMITED | E23: 41251 | F23: 606672 | G23: 14.706843 | H23: 56401 | I23: 894337 | J23: 15.856758 | K23: 287665 | N23: 0.47416891 | P23: Harisha
B24: new may'25 | C24: LITTLE_B2B | D24: LITTLE RUNWAYS WHOLESALE PRIVATE LIMITED | E24: 67477 | F24: 648628 | G24: 9.6125791 | H24: 98957 | I24: 933987 | J24: 9.4383116 | K24: 285359 | N24: 0.43994246 | P24: Pratik
B25: 0 | C25: Bolasagro_B2B | D25: BOLAS AGRO PRIVATE LIMITED | E25: 7857 | F25: 164181 | G25: 20.896144 | H25: 33454 | I25: 446695 | J25: 13.352514 | K25: 282514 | N25: 1.7207472 | P25: Keshav
B26: New client (Oct'25) | C26: KARCHER_B2B | D26: KARCHER CLEANING SYSTEMS PRIVATE LIMITED | E26: 21083 | F26: 332874 | G26: 15.78874 | H26: 41051 | I26: 606716 | J26: 14.779567 | K26: 273842 | N26: 0.82265962 | P26: Kaushal
B27: New client (July'25) | C27: HD_Enterprise_B2B | D27: HD ENTERPRISE | E27: 9664 | F27: 119081 | G27: 12.322123 | H27: 32100 | I27: 389391 | J27: 12.130561 | K27: 270310 | N27: 2.2699675 | P27: Kaushal
B28: New client (Mar'26) | C28: Prateek_B2B | D28: PRATEEK ENTERPRISES | E28: 25569 | F28: 214364 | G28: 8.3837459 | H28: 44482 | I28: 482669 | J28: 10.850884 | K28: 268305 | N28: 1.2516327 | P28: Sanchit
B29: New client (Oct'25) | C29: STYLE_WAVES_B2B | D29: STYLE WAVES LLP | E29: 1664 | F29: 43923 | G29: 26.396034 | H29: 16085 | I29: 297400 | J29: 18.489276 | K29: 253477 | N29: 5.7709401 | P29: Avinash
B30: new client(march'25) | C30: Dollar_B2B | D30: Dollar Industries Limited | E30: 105487 | F30: 1092547 | G30: 10.357172 | H30: 122915 | I30: 1324192 | J30: 10.773234 | K30: 231645 | N30: 0.21202292 | P30: Keshav
B31: New client (Mar'26) | C31: JAMBULOGIX_B2B | D31: JAMBULOGIX PRIVATE LIMITED | E31: 14362 | F31: 146438 | G31: 10.196212 | H31: 32862 | I31: 376499 | J31: 11.456972 | K31: 230061 | N31: 1.5710471 | P31: Aman
B32: New (Aug) | C32: ATMOS_CARE_B2B | D32: ATMOS CARE PRIVATE LIMITED | E32: 24351 | F32: 320136 | G32: 13.146729 | H32: 38069 | I32: 547747 | J32: 14.388269 | K32: 227611 | N32: 0.71098221 | P32: Harisha
B33: New client (Apr'26) | C33: CJ_DARCL_CERAGEM_B2B | D33: CJ DARCL LOGISTICS LIMITED | E33: 0 | F33: 0 | G33: 0 | H33: 27053 | I33: 224599 | J33: 8.3021846 | K33: 224599 | L33: New client | N33: #DIV/0! | P33: Rahul
B34: New client (june'25) | C34: MIDVISION_B2B | D34: MIDVISION PRIVATE LIMITED | E34: 35 | F34: 1223 | G34: 34.942857 | H34: 2784 | I34: 218988 | J34: 78.659483 | K34: 217765 | N34: 178.05805 | P34: aman
B35: New(Jan) | C35: YASH_SEALS_B2B | D35: YASH SEALS PRIVATE LIMITED | E35: 66009 | F35: 804585 | G35: 12.18902 | H35: 94180 | I35: 1021432 | J35: 10.84553 | K35: 216847 | N35: 0.2695141 | P35: Pratik
B36: New client (june'25) | C36: PUREPLAY_B2B | D36: PUREPLAY SKIN SCIENCES (INDIA) PRIVATE LIMITED | E36: 46027 | F36: 416853 | G36: 9.0567058 | H36: 59006 | I36: 633543 | J36: 10.736925 | K36: 216690 | N36: 0.51982353 | P36: Nadir
B37: 0 | C37: Arvind_B2B | D37: Arvind Fashions Limited | E37: 683 | F37: 8214 | G37: 12.026354 | H37: 18694 | I37: 219914 | J37: 11.763881 | K37: 211700 | N37: 25.77307 | P37: Harshith S
B38: New Client(April'26) | C38: XEOM_B2B | D38: XEOM CONSUMER PRIVATE LIMITED | E38: 0 | F38: 0 | G38: 0 | H38: 22362 | I38: 211457 | J38: 9.4560862 | K38: 211457 | L38: New client | N38: #DIV/0! | P38: Avinash
B39: 0 | C39: Arvind_B2B | D39: Arvind Youth Brands Private Limited | E39: 0 | F39: 0 | G39: 0 | H39: 17760 | I39: 209234 | J39: 11.781194 | K39: 209234 | L39: Revival | N39: #DIV/0! | P39: Harshith S
B40: New Client(March'26) | C40: LOGYXPRESS_B2B | D40: LOGYXPRESS | E40: 6932 | F40: 78626 | G40: 11.34247 | H40: 21264 | I40: 279608 | J40: 13.14936 | K40: 200982 | N40: 2.5561773 | P40: Aman
B41: New client (April26) | C41: MICROPARK_B2B | D41: MICROPARK LOGISTICS PRIVATE LIMITED | E41: 0 | F41: 0 | G41: 0 | H41: 41458 | I41: 195956 | J41: 4.7266149 | K41: 195956 | L41: New client | N41: #DIV/0! | P41: Chandresh
B42: New client (Nov'25) | C42: PRATYAYA_B2B | D42: PRATYAYA E-COMMERCE PRIVATE LIMITED | E42: 9669 | F42: 181444 | G42: 18.765539 | H42: 16347 | I42: 369401 | J42: 22.59748 | K42: 187957 | N42: 1.0358954 | P42: Avinash
B43: New client(Mar'26) | C43: DSR_FREIGHT_B2B | D43: DSR FREIGHT CARRIER PRIVATE LIMITED | E43: 22253 | F43: 212508 | G43: 9.5496338 | H43: 44124 | I43: 391706 | J43: 8.877391 | K43: 179198 | N43: 0.84325296 | P43: Deepak
B44: - | C44: Rare _Rabbit_B2B | D44: RADHAMANI TEXTILES PRIVATE LIMITED | E44: 20840 | F44: 230090 | G44: 11.040787 | H44: 30424 | I44: 407949 | J44: 13.408789 | K44: 177859 | N44: 0.77299752 | P44: Harisha
B45: New client (Jan'26) | C45: JK_GYPSUM_INWARD_B2B | D45: JK GYPSUM PRIVATE LIMITED | E45: 2295 | F45: 18203 | G45: 7.9315904 | H45: 23895 | I45: 194915 | J45: 8.1571458 | K45: 176712 | N45: 9.7078504 | P45: Pratik
B46: New client (Apr'26) | C46: LINC_PEN_B2B | D46: LINC LIMITED | E46: 0 | F46: 0 | G46: 0 | H46: 24706 | I46: 171804 | J46: 6.9539383 | K46: 171804 | L46: New client | N46: #DIV/0! | P46: Pallavi
B47: New(Jan) | C47: Globate_360_B2B | D47: GLOBATE 360 SOLUTIONS PRIVATE LIMITED | E47: 27070 | F47: 267236 | G47: 9.8720355 | H47: 45121 | I47: 429470 | J47: 9.5181844 | K47: 162234 | N47: 0.60708138 | P47: Deepika
B48: New client (July'25) | C48: ITHINK_LOGISTIC_B2B | D48: ITHINK LOGISTIC QUICK SERVICES PRIVATE LIMITED | E48: 3143 | F48: 66660 | G48: 21.209036 | H48: 11314 | I48: 228137 | J48: 20.164133 | K48: 161477 | N48: 2.4223972 | P48: pradeep
B49: 0 | C49: Kotty_B2B | D49: Kotty Lifestyle Private Limited | E49: 10124 | F49: 231551 | G49: 22.871493 | H49: 21667 | I49: 374149 | J49: 17.26815 | K49: 142598 | N49: 0.61583841 | P49: Deepika
B50: New client (Apr'26) | C50: XYXX_APPARELS_B2B | D50: XYXX APPARELS PRIVATE LIMITED | E50: 0 | F50: 0 | G50: 0 | H50: 7338 | I50: 133701 | J50: 18.22036 | K50: 133701 | L50: New client | N50: #DIV/0! | P50: Deepak
B51: New client (Feb'26) | C51: LITTLE_NAP_B2B | D51: Little Nap Designs Private Limited | E51: 8899 | F51: 91446 | G51: 10.275986 | H51: 22562 | I51: 223541 | J51: 9.9078539 | K51: 132095 | N51: 1.4445137 | P51: Rahul
B52: 0 | C52: PICKRR_B2B | D52: Pickrr Technologies Private Limited | E52: 31800 | F52: 522354 | G52: 16.426226 | H52: 51788 | I52: 650005 | J52: 12.551267 | K52: 127651 | N52: 0.24437642 | P52: Deepika
B53: #N/A | C53: Gracious_B2B | D53: Gracious Logistics and Warehouse Private Limited | E53: 29786 | F53: 307008 | G53: 10.307124 | H53: 31174 | I53: 426195 | J53: 13.671489 | K53: 119187 | N53: 0.38822115 | P53: #N/A
B54: New client (Jan'26) | C54: JQR_B2B | D54: JQR SPORTS (INDIA) PRIVATE LIMITED | E54: 46852 | F54: 442907 | G54: 9.4533211 | H54: 45316 | I54: 557394 | J54: 12.300159 | K54: 114487 | N54: 0.25848993 | P54: Avinash
B55: 0 | C55: Wellversed_B2B | D55: Wellversed Health Private Limited | E55: 652 | F55: 14360 | G55: 22.02454 | H55: 5647 | I55: 128584 | J55: 22.770321 | K55: 114224 | N55: 7.9543175 | P55: Aman
B56: 0 | C56: HOLAPORT_Xhipment_B2B | D56: HOLAPORT LOGISTICS PRIVATE LIMITED | E56: 1682 | F56: 19069 | G56: 11.337099 | H56: 11529 | I56: 128110 | J56: 11.111978 | K56: 109041 | N56: 5.7182338 | P56: Harisha
B57: New Client(Feb 2026) | C57: SHREE_KARNI_B2B | D57: SHREE KARNI KRIPAA ENTERPRISES | E57: 8162 | F57: 142105 | G57: 17.410561 | H57: 18078 | I57: 250472 | J57: 13.855072 | K57: 108367 | N57: 0.762584 | P57: Pooja
B58: New client (Apr'26) | C58: GOOGO_GAAGA_B2B | D58: Googo Gaaga Online Services Private Limited | E58: 0 | F58: 0 | G58: 0 | H58: 8884 | I58: 107205 | J58: 12.067199 | K58: 107205 | L58: New client | N58: #DIV/0! | P58: Sanchit
B59: New client (Apr'26) | C59: PHYSICSWALLAH_B2B | D59: PHYSICSWALLAH LIMITED | E59: 0 | F59: 0 | G59: 0 | H59: 2948 | I59: 101270 | J59: 34.352103 | K59: 101270 | L59: New client | N59: #DIV/0! | P59: Pramod
B60: New client (Apr'26) | C60: KARMA_SILVERLIFE_B2B | D60: KARMA SILVERLIFE PRIVATE LIMITED | E60: 0 | F60: 0 | G60: 0 | H60: 11326 | I60: 94093 | J60: 8.3076991 | K60: 94093 | L60: New client | N60: #DIV/0! | P60: Saud
B61: New Client(March'26) | C61: ADITYA_ENTERPRISES_B2B | D61: ADITYA ENTERPRISES | E61: 7769 | F61: 88387 | G61: 11.376882 | H61: 16873 | I61: 177212 | J61: 10.502697 | K61: 88825 | N61: 1.0049555 | P61: Sanchit
B62: New Client(March'26) | C62: TIKMANY_B2B | D62: TIKMANY TELESYSTEMS PRIVATE LIMITED | E62: 2267 | F62: 17974 | G62: 7.9285399 | H62: 12062 | I62: 106147 | J62: 8.8001161 | K62: 88173 | N62: 4.9055858 | P62: Saud
B63: 0 | C63: CD_BEVERAGES_B2B | D63: COFFEE DAY GLOBAL LIMITED | E63: 10292 | F63: 191677 | G63: 18.623883 | H63: 17939 | I63: 278831 | J63: 15.543286 | K63: 87154 | N63: 0.45469201 | P63: Harshith S
B64: New client (Oct'25) | C64: STUDDS_B2B | D64: STUDDS ACCESSORIES LIMITED | E64: 2510 | F64: 22848 | G64: 9.1027888 | H64: 13682 | I64: 109853 | J64: 8.0290162 | K64: 87005 | N64: 3.8079919 | P64: Deepika
B65: New client (Apr'26) | C65: FABIANO_B2B | D65: FABIANO APPLIANCES PRIVATE LIMITED | E65: 0 | F65: 0 | G65: 0 | H65: 4159 | I65: 83536 | J65: 20.085597 | K65: 83536 | L65: New client | N65: #DIV/0! | P65: Rahul
B66: New Client(March'26) | C66: 4TH_PHARMA_B2B | D66: 4THD PHARMA PRIVATE LIMITED | E66: 477 | F66: 19422 | G66: 40.716981 | H66: 1101 | I66: 97216 | J66: 88.297911 | K66: 77794 | N66: 4.0054577 | P66: Rahul
B67: New client(Mar'26) | C67: SHIPIT_EXPRESS_B2B | D67: SHIPIT EXPRESS LOGISTICS PRIVATE LIMITED | E67: 1119 | F67: 11314 | G67: 10.110813 | H67: 7818 | I67: 88287 | J67: 11.292786 | K67: 76973 | N67: 6.803341 | P67: Sanchit
B68: New may'25 | C68: HANDY_HOME_B2B | D68: HANDY HOME SOLUTIONS PRIVATE LIMITED | E68: 0 | F68: 0 | G68: 0 | H68: 6797 | I68: 75902 | J68: 11.166985 | K68: 75902 | L68: Revival | N68: #DIV/0! | P68: Gaurav
B69: new client (Dec'25) | C69: Baltra_B2B | D69: SHREE BALAJEE HOME PRODUCTS PRIVATE LIMITED | E69: 2553 | F69: 42144 | G69: 16.507638 | H69: 10481 | I69: 115605 | J69: 11.029959 | K69: 73461 | N69: 1.7430951 | P69: Aman
B70: New client(Mar'26) | C70: SRI_SAI_ENTERPRISES_B2B | D70: SRI SAI ENTERPRISES | E70: 341 | F70: 4143 | G70: 12.14956 | H70: 7146 | I70: 77191 | J70: 10.801987 | K70: 73048 | N70: 17.631668 | P70: Chandresh
B71: New client (Oct'25) | C71: SANKETHI_B2B | D71: SANKETHI NUTRIMENTS PRIVATE LIMITED | E71: 19010 | F71: 237182 | G71: 12.476696 | H71: 25633 | I71: 309115 | J71: 12.05926 | K71: 71933 | N71: 0.30328187 | P71: Harshith S
B72: New(Jan) | C72: TRANSLOGICS_SOLUTIONS_B2B | D72: TRANSLOGICS SOLUTIONS | E72: 16549 | F72: 267364 | G72: 16.155901 | H72: 21900 | I72: 336951 | J72: 15.38589 | K72: 69587 | N72: 0.26027064 | P72: Deepika
B73: #N/A | C73: OVERHAUL SOLUTIONS PRIVATE LIMITED_B2B | D73: OVERHAUL SOLUTIONS PRIVATE LIMITED | E73: 1147 | F73: 12297 | G73: 10.721011 | H73: 4844 | I73: 80244 | J73: 16.565648 | K73: 67947 | N73: 5.525494 | P73: #N/A
B74: revival Sep'25 | C74: SAVEX_B2B | D74: SAVEX TECHNOLOGIES PRIVATE LIMITED | E74: 4237 | F74: 64571 | G74: 15.239792 | H74: 11540 | I74: 129467 | J74: 11.218977 | K74: 64896 | N74: 1.0050332 | P74: Pratik
B75: new client (Dec'25) | C75: AMLANI_B2B | D75: AMLANI RETAIL PRIVATE LIMITED | E75: 1729 | F75: 23226 | G75: 13.433198 | H75: 4834 | I75: 86238 | J75: 17.839884 | K75: 63012 | N75: 2.7129941 | P75: Kaushal
B76: New client (Apr'26) | C76: EXYTE_B2B | D76: EXYTE SOLUTIONS PRIVATE LIMITED | E76: 0 | F76: 0 | G76: 0 | H76: 4939 | I76: 62020 | J76: 12.557198 | K76: 62020 | L76: New client | N76: #DIV/0! | P76: Sudhanshu
B77: New client (April26) | C77: NEVA_GARMENTS_B2B | D77: NEVA GARMENTS LIMITED | E77: 0 | F77: 0 | G77: 0 | H77: 6456 | I77: 58094 | J77: 8.9984511 | K77: 58094 | L77: New client | N77: #DIV/0! | P77: Shekhar
B78: New Client(April'26) | C78: SPARSA_B2B | D78: SPARSA DIGITAL PRIVATE LIMITED | E78: 0 | F78: 0 | G78: 0 | H78: 3710 | I78: 57680 | J78: 15.54717 | K78: 57680 | L78: New client | N78: #DIV/0! | P78: Avinash
B79: New Client(March'26) | C79: CHIRANTANA_B2B | D79: CHIRANTANA EQUIPACK PRIVATE LIMITED | E79: 9650 | F79: 92373 | G79: 9.5723316 | H79: 15900 | I79: 143007 | J79: 8.9941509 | K79: 50634 | N79: 0.54814719 | P79: Subhash
B80: New client(Mar'26) | C80: CLASSIC_DISPLAY_B2B | D80: CLASSIC DISPLAY SYSTEMS PRIVATE LIMITED | E80: 4042 | F80: 51743 | G80: 12.801336 | H80: 7457 | I80: 102284 | J80: 13.716508 | K80: 50541 | N80: 0.9767698 | P80: Rahul
B81: New client (Apr'26) | C81: PAI_CRISTAL_B2B | D81: PAI CRISTAL INDIA PRIVATE LIMITED | E81: 0 | F81: 0 | G81: 0 | H81: 4758 | I81: 49374 | J81: 10.377049 | K81: 49374 | L81: New client | N81: #DIV/0! | P81: Chandresh Sharma
B82: New client (june'25) | C82: Campussutra_B2B | D82: Campussutra Retail Private Limited | E82: 7836 | F82: 134797 | G82: 17.202272 | H82: 10634 | I82: 184013 | J82: 17.304213 | K82: 49216 | N82: 0.36511198 | P82: Harshith S
B83: New Client(March'26) | C83: KWW_ELECTRICALS_B2B | D83: KWW ELECTRICALS & ELECTRONICS PRIVATE LIMITED | E83: 1134 | F83: 8604 | G83: 7.5873016 | H83: 8577 | I83: 57641 | J83: 6.7204151 | K83: 49037 | N83: 5.6993259 | P83: Pallavi
B84: New Client(April'26) | C84: TECH_ALMOND_B2B | D84: TECH ALMOND SOLUTIONS PRIVATE LIMITED | E84: 0 | F84: 0 | G84: 0 | H84: 1237 | I84: 48882 | J84: 39.516572 | K84: 48882 | L84: New client | N84: #DIV/0! | P84: Aman
B85: New client (April26) | C85: KOMFORT_B2B | D85: KOMFORT CREATIONS | E85: 0 | F85: 0 | G85: 0 | H85: 3506 | I85: 48657 | J85: 13.878209 | K85: 48657 | L85: New client | N85: #DIV/0! | P85: Aman
B86: New client (Apr'26) | C86: UNICORN_DENMART_B2B | D86: UNICORN DENMART LIMITED | E86: 0 | F86: 0 | G86: 0 | H86: 4419 | I86: 48328 | J86: 10.936411 | K86: 48328 | L86: New client | N86: #DIV/0! | P86: Sudhanshu
B87: New client (Jan'26) | C87: NAUTINATI(ABDFVL)_B2B | D87: Aditya Birla Digital Fashion Ventures Limited | E87: 611 | F87: 9635 | G87: 15.769231 | H87: 5567 | I87: 56744 | J87: 10.192923 | K87: 47109 | N87: 4.8893617 | P87: Deepak
B88: New client (Apr'26) | C88: TIRUPATI_B2B | D88: TIRUPATI COLOUR PENS PRIVATE LIMITED | E88: 0 | F88: 0 | G88: 0 | H88: 5972 | I88: 43445 | J88: 7.2747823 | K88: 43445 | L88: New client | N88: #DIV/0! | P88: Akra
B89: #N/A | C89: LUX_B2B | D89: LUX INDUSTRIES LIMITED | E89: 879 | F89: 20878 | G89: 23.751991 | H89: 6695 | I89: 61650 | J89: 9.2083645 | K89: 40772 | N89: 1.952869 | P89: Pallavi
B90: New Client(March'26) | C90: EVIKA_TRADING_B2B | D90: Evika Trading | E90: 0 | F90: 0 | G90: 0 | H90: 3468 | I90: 39756 | J90: 11.463668 | K90: 39756 | L90: Revival | N90: #DIV/0! | P90: Aman
B91: New client (April26) | C91: AUSTRALIAN_FOODS_B2B | D91: AUSTRALIAN FOODS INDIA PRIVATE LIMITED | E91: 0 | F91: 0 | G91: 0 | H91: 4074 | I91: 39584 | J91: 9.7162494 | K91: 39584 | L91: New client | N91: #DIV/0! | P91: Anand Elango
B92: New client (Mar'26) | C92: SAR_INTERNATIONALS_B2B | D92: SAR INTERNATIONALS | E92: 2741 | F92: 25275 | G92: 9.2210872 | H92: 6411 | I92: 64056 | J92: 9.991577 | K92: 38781 | N92: 1.534362 | P92: Rahul
B93: New client (Mar'26) | C93: 1MG_B2B | D93: TATA 1MG HEALTHCARE SOLUTIONS PRIVATE LIMITED | E93: 42863 | F93: 577738 | G93: 13.478711 | H93: 49864 | I93: 616462 | J93: 12.362867 | K93: 38724 | N93: 0.067026922 | P93: Avinash
B94: new client (Dec'25) | C94: CREATIVE_B2B | D94: CREATIVE SHADOWS PROMOTION PRIVATE LIMITED | E94: 0 | F94: 0 | G94: 0 | H94: 3594 | I94: 38686 | J94: 10.764051 | K94: 38686 | L94: Revival | N94: #DIV/0! | P94: Aman
B95: New client (Jan'26) | C95: MOULSHREE_IMPEX_B2B | D95: MOULSHREE IMPEX | E95: 370 | F95: 14139 | G95: 38.213514 | H95: 3031 | I95: 51994 | J95: 17.154075 | K95: 37855 | N95: 2.6773463 | P95: Aman
B96: New client (Sep'25) | C96: DALTON_B2B | D96: DALTON INNOVATION PRIVATE LIMITED | E96: 0 | F96: 0 | G96: 0 | H96: 2350 | I96: 36160 | J96: 15.387234 | K96: 36160 | L96: Revival | N96: #DIV/0! | P96: Aman
B97: New client (Apr'26) | C97: WIPRO_FMCG_B2B | D97: WIPRO ENTERPRISES PRIVATE LIMITED | E97: 0 | F97: 0 | G97: 0 | H97: 3850 | I97: 35180 | J97: 9.1376623 | K97: 35180 | L97: New client | N97: #DIV/0! | P97: Deepak
B98: 0 | C98: Damensch_B2B | D98: Damensch Apparel Private Limited | E98: 8513 | F98: 130761 | G98: 15.360155 | H98: 10568 | I98: 165063 | J98: 15.619133 | K98: 34302 | N98: 0.26232592 | P98: Nadir
B99: 0 | C99: OPEN_SOURCE_B2B | D99: OPEN SOURCE BUSINESS SOLUTIONS PRIVATE LIMITED | E99: 312 | F99: 4246 | G99: 13.608974 | H99: 2741 | I99: 38074 | J99: 13.890551 | K99: 33828 | N99: 7.9670278 | P99: pradeep
B100: New client (April26) | C100: LA_VERNE_B2B | D100: LA VERNE | E100: 0 | F100: 0 | G100: 0 | H100: 4128 | I100: 33732 | J100: 8.1715116 | K100: 33732 | L100: New client | N100: #DIV/0! | P100: Aman
B101: new client(march'25) | C101: MANGLA_B2B | D101: MANGLA APPARELS INDIA PRIVATE LIMITED | E101: 15883 | F101: 241496 | G101: 15.204684 | H101: 17104 | I101: 272040 | J101: 15.905051 | K101: 30544 | N101: 0.12647829 | P101: Rahul Jaiswal
...

Sheet Making process
B2: steps | C2: get data | G2: descp
B3: 1 | C3: churn client | D3: make filter on mar rev is >0 and apr rev is <0 | F3: 1 | G3: get the data from the ramya or Shikha | H3: -
B4: 2 | C4: top 20 | D4: take top 20 rev numbers in mar-apr diff column | F4: 2 | G4: map all the data | H4: -
B5: 3 | C5: bottom 20 | D5: take bottom 20 rev numbers in mar-apr diff column | F5: - | G5: Map the latest kam for all the clients | H5: -
B6: 4 | C6: near churn | D6: make a number filter in the Rev% column and apply the logic [-0.7]. | E6: Churn client | F6: 3 | G6: Make the filter in M-2 Revenue (>0) AND M-1 revenue (<0). | H6: then u can indentify the Which clients as not given the rev in M2 month for thease type of client mark as Churn clients
E7: Top 20 | F7: 4 | G7: remove the current month onboarding client and filter the top 20 clients, and mark that as top 20 in comment column | H7: top 20 higher revenue, compared to last month revenue
E8: Bottom 20 | F8: 5 | G8: fiter the bottom 20 in the REVENUE DIFF column.and don’t remove the churn client comment in the comment column | H8: bottom 20 higher revenue, compared to last month revenue.
E9: near churn | F9: 6 | G9: filter the -70% in Rev% diff , and then and unfilter the comment that we are already written in the comment column

Sheet view
C2: B2B Jul | D2: B2B Aug
B3: Total number of client | C3: 348 | D3: =COUNTIF(Base!I3:I437, "<>0") -> 387
B4: Number of client uptrending | C4: 227 | D4: =COUNTIF(Base!K4:K437, ">0") -> 223
B5: Number of client downtrending | C5: 163 | D5: =COUNTIF(Base!K5:K437, "<0") -> 211
B6: Growth/De Growth | C6: 1.392638 | D6: =D4/D5 -> 1.056872
B7: Churn Count | C7: 43 | D7: =COUNTIF(Base!$M:$M,"Churn client") -> 48
B8: Near Lost(>70% Rev loss) | C8: 27 | D8: =COUNTIF(Base!$M:$M,"Near Churn") -> 35
C10: =SUM(C12:C59) -> 5919958.3
B11: Churn clients | C11: Jul rev | D11: Promised Rev | E11: KAM/BD | F11: Remarks
B12: {=_xlfn._xlws.FILTER(Base!D:D,Base!M:M="Churn client", "No clients found")} -> XCELL SUPPLY CHAIN SOLUTIONS PRIVATE LIMITED | C12: =SUMIFS(Base!F:F,Base!D:D,view!B12) -> 450 | E12: =_xlfn.XLOOKUP($B12,Base!D:D,Base!R:R) -> Deepak Jha
B13: SHREE MARUTI INTEGRATED LOGISTICS LIMITED | C13: =SUMIFS(Base!F:F,Base!D:D,view!B13) -> 515.8 | E13: =_xlfn.XLOOKUP($B13,Base!D:D,Base!R:R) -> Pratik
B14: SHIP AGGREGATOR TECHNOLOGY PRIVATE LIMITED | C14: =SUMIFS(Base!F:F,Base!D:D,view!B14) -> 1234 | E14: =_xlfn.XLOOKUP($B14,Base!D:D,Base!R:R) -> Suraj
B15: INNISFREE COSMETICS INDIA PVT LTD | C15: =SUMIFS(Base!F:F,Base!D:D,view!B15) -> 1279.496 | E15: =_xlfn.XLOOKUP($B15,Base!D:D,Base!R:R) -> Aman
B16: ShaTab Consulting and Distribution Private Limited | C16: =SUMIFS(Base!F:F,Base!D:D,view!B16) -> 1296.5 | E16: =_xlfn.XLOOKUP($B16,Base!D:D,Base!R:R) -> Avinash
B17: MICROTEK INTERNATIONAL PRIVATE LIMITED | C17: =SUMIFS(Base!F:F,Base!D:D,view!B17) -> 2453 | E17: =_xlfn.XLOOKUP($B17,Base!D:D,Base!R:R) -> Rahul
B18: UARPAL Metalcraft | C18: =SUMIFS(Base!F:F,Base!D:D,view!B18) -> 2519.76 | E18: =_xlfn.XLOOKUP($B18,Base!D:D,Base!R:R) -> Deepak Jha
B19: AMAR BIO ORGANICS INDIA PVT LTD | C19: =SUMIFS(Base!F:F,Base!D:D,view!B19) -> 3589 | E19: =_xlfn.XLOOKUP($B19,Base!D:D,Base!R:R) -> Sahilesh
B20: CHIRANTANA EQUIPACK PRIVATE LIMITED | C20: =SUMIFS(Base!F:F,Base!D:D,view!B20) -> 4540.75 | E20: =_xlfn.XLOOKUP($B20,Base!D:D,Base!R:R) -> Subhash
B21: NIMESH ENTERPRISES | C21: =SUMIFS(Base!F:F,Base!D:D,view!B21) -> 4858.2 | E21: =_xlfn.XLOOKUP($B21,Base!D:D,Base!R:R) -> Shekhar
B22: FABIANO APPLIANCES PRIVATE LIMITED | C22: =SUMIFS(Base!F:F,Base!D:D,view!B22) -> 5255.85 | E22: =_xlfn.XLOOKUP($B22,Base!D:D,Base!R:R) -> Deepak Jha
B23: LOTUS BLISS | C23: =SUMIFS(Base!F:F,Base!D:D,view!B23) -> 5343.7 | E23: =_xlfn.XLOOKUP($B23,Base!D:D,Base!R:R) -> Pooja
B24: MAHAVIR TRANSPORT SERVICE | C24: =SUMIFS(Base!F:F,Base!D:D,view!B24) -> 5614 | E24: =_xlfn.XLOOKUP($B24,Base!D:D,Base!R:R) -> Raj Kamal
... B59: Yolojet Internet Services Private Limited | C59: =SUMIFS(Base!F:F,Base!D:D,view!B59) -> 2982224 | E59: =_xlfn.XLOOKUP($B59,Base!D:D,Base!R:R) -> Harisha
C61: =SUM(C63:C97) -> 5540510.3 | D61: =SUM(D63:D97) -> 834813
B62: Near Lost | C62: Jul Net Rev | D62: Aug Net Rev | E62: Promised Rev | F62: KAM/BD | G62: Remarks
B63: {=_xlfn._xlws.FILTER(Base!D:D,Base!M:M="Near churn", "No clients found")} -> ASMR BITES PRIVATE LIMITED | C63: =SUMIFS(Base!F:F,Base!D:D,view!B63) -> 3781.55 | D63: =SUMIFS(Base!I:I,Base!D:D,view!B63) -> 834 | F63: =_xlfn.XLOOKUP($B63,Base!D:D,Base!R:R) -> Ashray
B64: TEKIES RETAIL PRIVATE LIMITED | C64: =SUMIFS(Base!F:F,Base!D:D,view!B64) -> 3672 | D64: =SUMIFS(Base!I:I,Base!D:D,view!B64) -> 482 | F64: =_xlfn.XLOOKUP($B64,Base!D:D,Base!R:R) -> Deepak Jha
B65: EXYTE SOLUTIONS PRIVATE LIMITED | C65: =SUMIFS(Base!F:F,Base!D:D,view!B65) -> 5317.86 | D65: =SUMIFS(Base!I:I,Base!D:D,view!B65) -> 405 | F65: =_xlfn.XLOOKUP($B65,Base!D:D,Base!R:R) -> Deepak Jha
B66: Shiplystic Pvt Ltd | C66: =SUMIFS(Base!F:F,Base!D:D,view!B66) -> 8674.895 | D66: =SUMIFS(Base!I:I,Base!D:D,view!B66) -> 2497 | F66: =_xlfn.XLOOKUP($B66,Base!D:D,Base!R:R) -> Pratik
B67: BOGGLETREE TECHNOLOGIES PRIVATE LIMITED | C67: =SUMIFS(Base!F:F,Base!D:D,view!B67) -> 16718.32 | D67: =SUMIFS(Base!I:I,Base!D:D,view!B67) -> 2615 | F67: =_xlfn.XLOOKUP($B67,Base!D:D,Base!R:R) -> Rahul
B68: SMILEPHILE HEALTHCARE PRIVATE LIMITED | C68: =SUMIFS(Base!F:F,Base!D:D,view!B68) -> 17465 | D68: =SUMIFS(Base!I:I,Base!D:D,view!B68) -> 1460 | F68: =_xlfn.XLOOKUP($B68,Base!D:D,Base!R:R) -> Saud
B69: MICROPARK LOGISTICS PRIVATE LIMITED | C69: =SUMIFS(Base!F:F,Base!D:D,view!B69) -> 20103.5 | D69: =SUMIFS(Base!I:I,Base!D:D,view!B69) -> 3344 | F69: =_xlfn.XLOOKUP($B69,Base!D:D,Base!R:R) -> Deepak Jha
B70: LOGYXPRESS | C70: =SUMIFS(Base!F:F,Base!D:D,view!B70) -> 18665 | D70: =SUMIFS(Base!I:I,Base!D:D,view!B70) -> 1861 | F70: =_xlfn.XLOOKUP($B70,Base!D:D,Base!R:R) -> Deepak Jha
B71: BETTERLIFE HORIZONS PRIVATE LIMITED | C71: =SUMIFS(Base!F:F,Base!D:D,view!B71) -> 19258.16 | D71: =SUMIFS(Base!I:I,Base!D:D,view!B71) -> 1660 | F71: =_xlfn.XLOOKUP($B71,Base!D:D,Base!R:R) -> Avinash
B72: GRAND SPEED NETWORK PRIVATE LIMITED | C72: =SUMIFS(Base!F:F,Base!D:D,view!B72) -> 37791.72 | D72: =SUMIFS(Base!I:I,Base!D:D,view!B72) -> 7845 | F72: =_xlfn.XLOOKUP($B72,Base!D:D,Base!R:R) -> Pratik
B73: SEOUL IMPEX | C73: =SUMIFS(Base!F:F,Base!D:D,view!B73) -> 35131.3 | D73: =SUMIFS(Base!I:I,Base!D:D,view!B73) -> 3669 | F73: =_xlfn.XLOOKUP($B73,Base!D:D,Base!R:R) -> Subhash
B74: TENSOR LOGISTICS PRIVATE LIMITED | C74: =SUMIFS(Base!F:F,Base!D:D,view!B74) -> 43044.67 | D74: =SUMIFS(Base!I:I,Base!D:D,view!B74) -> 11335 | F74: =_xlfn.XLOOKUP($B74,Base!D:D,Base!R:R) -> Deepak Jha
B75: Lighthouse Learning Private Limited | C75: =SUMIFS(Base!F:F,Base!D:D,view!B75) -> 35941.42 | D75: =SUMIFS(Base!I:I,Base!D:D,view!B75) -> 3076 | F75: =_xlfn.XLOOKUP($B75,Base!D:D,Base!R:R) -> Kunal
... B97: TATA 1MG HEALTHCARE SOLUTIONS PRIVATE LIMITED | C97: =SUMIFS(Base!F:F,Base!D:D,view!B97) -> 463274.6 | D97: =SUMIFS(Base!I:I,Base!D:D,view!B97) -> 4806 | F97: =_xlfn.XLOOKUP($B97,Base!D:D,Base!R:R) -> Gaurav
B99: Bottom 20 clients | F99: =SUM(F101:F120) -> -21307509
B100: Client | C100: Jul Net Rev | D100: Aug Net Rev | E100: % Rev | F100: Rev Diff | G100: Promised Rev | H100: KAM | I100: Remarks
B101: {=_xlfn._xlws.FILTER(Base!D:D,Base!M:M="Bottom 20", "No clients found")} -> DSR FREIGHT CARRIER PRIVATE LIMITED | C101: =SUMIFS(Base!$F:$F,Base!D:D,view!B101) -> 1823659 | D101: =SUMIFS(Base!I:I,Base!D:D,view!B101) -> 1327204 | E101: =(D101-C101)/C101 -> -0.27223017 | F101: =D101-C101 -> -496455 | H101: =_xlfn.XLOOKUP($B101,Base!D:D,Base!R:R) -> Abhishek
B102: ITHINK LOGISTIC QUICK SERVICES PRIVATE LIMITED | C102: =SUMIFS(Base!$F:$F,Base!D:D,view!B102) -> 699075.1 | D102: =SUMIFS(Base!I:I,Base!D:D,view!B102) -> 191994 | E102: =(D102-C102)/C102 -> -0.72535998 | F102: =D102-C102 -> -507081.1 | H102: =_xlfn.XLOOKUP($B102,Base!D:D,Base!R:R) -> Abhishek
B103: FAMOUS ROADLINES | C103: =SUMIFS(Base!$F:$F,Base!D:D,view!B103) -> 870195.4 | D103: =SUMIFS(Base!I:I,Base!D:D,view!B103) -> 328481 | E103: =(D103-C103)/C103 -> -0.62252041 | F103: =D103-C103 -> -541714.4 | H103: =_xlfn.XLOOKUP($B103,Base!D:D,Base!R:R) -> Subhash
B104: PIKALL LOGISTICS MANAGEMENT LLP | C104: =SUMIFS(Base!$F:$F,Base!D:D,view!B104) -> 1478729 | D104: =SUMIFS(Base!I:I,Base!D:D,view!B104) -> 885172 | E104: =(D104-C104)/C104 -> -0.40139674 | F104: =D104-C104 -> -593557 | H104: =_xlfn.XLOOKUP($B104,Base!D:D,Base!R:R) -> Chandresh
B105: GLOBATE 360 SOLUTIONS PRIVATE LIMITED | C105: =SUMIFS(Base!$F:$F,Base!D:D,view!B105) -> 749911.7 | D105: =SUMIFS(Base!I:I,Base!D:D,view!B105) -> 97958 | E105: =(D105-C105)/C105 -> -0.86937395 | F105: =D105-C105 -> -651953.7 | H105: =_xlfn.XLOOKUP($B105,Base!D:D,Base!R:R) -> Deepak Jha
B106: Dollar Industries Limited | C106: =SUMIFS(Base!$F:$F,Base!D:D,view!B106) -> 2047308 | D106: =SUMIFS(Base!I:I,Base!D:D,view!B106) -> 1381802 | E106: =(D106-C106)/C106 -> -0.32506394 | F106: =D106-C106 -> -665506 | H106: =_xlfn.XLOOKUP($B106,Base!D:D,Base!R:R) -> Pallavi
B107: MICRO FOOTWEARS PVT. LTD | C107: =SUMIFS(Base!$F:$F,Base!D:D,view!B107) -> 1936400 | D107: =SUMIFS(Base!I:I,Base!D:D,view!B107) -> 1157432 | E107: =(D107-C107)/C107 -> -0.40227639 | F107: =D107-C107 -> -778968 | H107: =_xlfn.XLOOKUP($B107,Base!D:D,Base!R:R) -> Tasleem
B108: RADHAMANI TEXTILES PRIVATE LIMITED | C108: =SUMIFS(Base!$F:$F,Base!D:D,view!B108) -> 1239221 | D108: =SUMIFS(Base!I:I,Base!D:D,view!B108) -> 447638 | E108: =(D108-C108)/C108 -> -0.63877468 | F108: =D108-C108 -> -791583 | H108: =_xlfn.XLOOKUP($B108,Base!D:D,Base!R:R) -> Harisha
B109: B. VISHAL CORPORATION | C109: =SUMIFS(Base!$F:$F,Base!D:D,view!B109) -> 1137024 | D109: =SUMIFS(Base!I:I,Base!D:D,view!B109) -> 322589 | E109: =(D109-C109)/C109 -> -0.71628655 | F109: =D109-C109 -> -814435 | H109: =_xlfn.XLOOKUP($B109,Base!D:D,Base!R:R) -> Pratik
B110: ZEBRONICS INDIA PRIVATE LIMITED | C110: =SUMIFS(Base!$F:$F,Base!D:D,view!B110) -> 1701993 | D110: =SUMIFS(Base!I:I,Base!D:D,view!B110) -> 781372 | E110: =(D110-C110)/C110 -> -0.54090763 | F110: =D110-C110 -> -920621 | H110: =_xlfn.XLOOKUP($B110,Base!D:D,Base!R:R) -> Padma
B111: ADIDAS INDIA MARKETING PRIVATE LIMITED | C111: =SUMIFS(Base!$F:$F,Base!D:D,view!B111) -> 3857664 | D111: =SUMIFS(Base!I:I,Base!D:D,view!B111) -> 2836295 | E111: =(D111-C111)/C111 -> -0.2647636 | F111: =D111-C111 -> -1021369 | H111: =_xlfn.XLOOKUP($B111,Base!D:D,Base!R:R) -> Tasleem
B112: MOSAIC WELLNESS PRIVATE LIMITED | C112: =SUMIFS(Base!$F:$F,Base!D:D,view!B112) -> 1450376 | D112: =SUMIFS(Base!I:I,Base!D:D,view!B112) -> 421748 | E112: =(D112-C112)/C112 -> -0.70921471 | F112: =D112-C112 -> -1028628 | H112: =_xlfn.XLOOKUP($B112,Base!D:D,Base!R:R) -> Aditi
B113: PUREPLAY SKIN SCIENCES (INDIA) PRIVATE LIMITED | C113: =SUMIFS(Base!$F:$F,Base!D:D,view!B113) -> 2161493 | D113: =SUMIFS(Base!I:I,Base!D:D,view!B113) -> 1119185 | E113: =(D113-C113)/C113 -> -0.48221669 | F113: =D113-C113 -> -1042308 | H113: =_xlfn.XLOOKUP($B113,Base!D:D,Base!R:R) -> Aditi
... B120: MANASH LIFESTYLE PRIVATE LIMITED | C120: =SUMIFS(Base!$F:$F,Base!D:D,view!B120) -> 9030966 | D120: =SUMIFS(Base!I:I,Base!D:D,view!B120) -> 5320500 | E120: =(D120-C120)/C120 -> -0.41086037 | F120: =D120-C120 -> -3710466 | H120: =_xlfn.XLOOKUP($B120,Base!D:D,Base!R:R) -> Avinash
B124: Top 20 clients | C124: =SUM(C126:C145) -> 25134506 | D124: =SUM(D126:D145) -> 47851268 | F124: =SUM(F126:F145) -> 22716762
B125: Client name | C125: Jul Net Rev | D125: Aug Net Rev | E125: % Rev | F125: Rev Diff
B126: {=_xlfn._xlws.FILTER(Base!D:D,Base!M:M="Top 20", "No clients found")} -> RAYMOND LIFESTYLE LIMITED | C126: =SUMIFS(Base!$F:$F,Base!D:D,view!B126) -> 8418640 | D126: =SUMIFS(Base!I:I,Base!D:D,view!B126) -> 12830806 | E126: =IFERROR(((D126-C126)/C126),0) -> 0.52409487 | F126: =D126-C126 -> 4412166
B127: CAMPUS ACTIVEWEAR LIMITED | C127: =SUMIFS(Base!$F:$F,Base!D:D,view!B127) -> 2143724 | D127: =SUMIFS(Base!I:I,Base!D:D,view!B127) -> 5441432 | E127: =IFERROR(((D127-C127)/C127),0) -> 1.5383081 | F127: =D127-C127 -> 3297708
B128: PUMA SPORTS INDIA PRIVATE LIMITED | C128: =SUMIFS(Base!$F:$F,Base!D:D,view!B128) -> 3558786 | D128: =SUMIFS(Base!I:I,Base!D:D,view!B128) -> 5943354 | E128: =IFERROR(((D128-C128)/C128),0) -> 0.67005097 | F128: =D128-C128 -> 2384568
B129: SIGNIFY INNOVATIONS INDIA LIMITED | C129: =SUMIFS(Base!$F:$F,Base!D:D,view!B129) -> 2038340 | D129: =SUMIFS(Base!I:I,Base!D:D,view!B129) -> 3529964 | E129: =IFERROR(((D129-C129)/C129),0) -> 0.73178371 | F129: =D129-C129 -> 1491624
B130: Page Industries Limited | C130: =SUMIFS(Base!$F:$F,Base!D:D,view!B130) -> 0 | D130: =SUMIFS(Base!I:I,Base!D:D,view!B130) -> 1429574 | E130: =IFERROR(((D130-C130)/C130),0) -> 0 | F130: =D130-C130 -> 1429574
B131: HIMALAYA WELLNESS COMPANY | C131: =SUMIFS(Base!$F:$F,Base!D:D,view!B131) -> 685978.2 | D131: =SUMIFS(Base!I:I,Base!D:D,view!B131) -> 1905884 | E131: =IFERROR(((D131-C131)/C131),0) -> 1.7783449 | F131: =D131-C131 -> 1219905.8
B132: Turtle Limited | C132: =SUMIFS(Base!$F:$F,Base!D:D,view!B132) -> 46288.03 | D132: =SUMIFS(Base!I:I,Base!D:D,view!B132) -> 1180349 | E132: =IFERROR(((D132-C132)/C132),0) -> 24.500091 | F132: =D132-C132 -> 1134061
B133: REDTAPE LIMITED | C133: =SUMIFS(Base!$F:$F,Base!D:D,view!B133) -> 309341.9 | D133: =SUMIFS(Base!I:I,Base!D:D,view!B133) -> 1270466 | E133: =IFERROR(((D133-C133)/C133),0) -> 3.1069962 | F133: =D133-C133 -> 961124.1
B134: SOUTHERN HEALTH FOODS PRIVATE LIMITED | C134: =SUMIFS(Base!$F:$F,Base!D:D,view!B134) -> 239584.9 | D134: =SUMIFS(Base!I:I,Base!D:D,view!B134) -> 1034801 | E134: =IFERROR(((D134-C134)/C134),0) -> 3.3191411 | F134: =D134-C134 -> 795216.1
B135: JUPITER LAMINATORS PRIVATE LIMITED | C135: =SUMIFS(Base!$F:$F,Base!D:D,view!B135) -> 66451.09 | D135: =SUMIFS(Base!I:I,Base!D:D,view!B135) -> 724199 | E135: =IFERROR(((D135-C135)/C135),0) -> 9.898226 | F135: =D135-C135 -> 657747.91
B136: BOMBAY WHEELS | C136: =SUMIFS(Base!$F:$F,Base!D:D,view!B136) -> 111713.7 | D136: =SUMIFS(Base!I:I,Base!D:D,view!B136) -> 736967 | E136: =IFERROR(((D136-C136)/C136),0) -> 5.5969259 | F136: =D136-C136 -> 625253.3
B137: Schneider Electric Private Limited | C137: =SUMIFS(Base!$F:$F,Base!D:D,view!B137) -> 0 | D137: =SUMIFS(Base!I:I,Base!D:D,view!B137) -> 584941 | E137: =IFERROR(((D137-C137)/C137),0) -> 0 | F137: =D137-C137 -> 584941
B138: BATA INDIA LIMITED | C138: =SUMIFS(Base!$F:$F,Base!D:D,view!B138) -> 67335 | D138: =SUMIFS(Base!I:I,Base!D:D,view!B138) -> 595525 | E138: =IFERROR(((D138-C138)/C138),0) -> 7.8442118 | F138: =D138-C138 -> 528190
... B145: Metro Brands Limited | C145: =SUMIFS(Base!$F:$F,Base!D:D,view!B145) -> 1093123 | D145: =SUMIFS(Base!I:I,Base!D:D,view!B145) -> 1484018 | E145: =IFERROR(((D145-C145)/C145),0) -> 0.35759471 | F145: =D145-C145 -> 390895

Sheet Base
E1: =SUBTOTAL(9,E3:E464) -> 11717374 | F1: =SUBTOTAL(9,F3:F464) -> 1.5605827e+08 | G1: =F1/E1 -> 13.318536 | H1: =SUBTOTAL(9,H3:H464) -> 13384624 | I1: =SUBTOTAL(9,I3:I464) -> 166966615 | J1: =I1/H1 -> 12.47451 | T1: Mar vs Apr
B2: client status | C2: Mapped code | D2: Client | E2: Jul Final chargeable weight (kg) | F2: Jul Total Revenue | G2: Jul RPK | H2: Aug Final chargeable weight (kg) | I2: Aug Total Revenue | J2: Aug RPK | K2: Rev diff | L2: TON Diff | M2: Comemnt | N2: remarks | O2: Rev % | P2: TON % | Q2: others | R2: KAM | T2: Mar Final chargeable weight | U2: Mar Total Revenue | V2: Mar RPK | W2: Rev diff | X2: Rev % | Y2: Comemnt
A3: 1MG_B2B | B3: New client (Aug'26) | C3: HYUNDAI_GLOVIS_B2B | D3: GLOVIS INDIA PRIVATE LIMITED | E3: 0 | F3: 0 | G3: =IFERROR((F3/E3),0) -> 0 | H3: 820961 | I3: 8361860 | J3: =IFERROR((I3/H3),0) -> 10.185453 | K3: =I3-F3 -> 8361860 | L3: =(H3-E3)/1000 -> 820.961 | M3: - | O3: =K3/F3 -> #DIV/0! | P3: =L3/(E3/1000) -> #DIV/0! | R3: Padma | T3: 0 | U3: 0 | V3: =IFERROR((U3/T3),0) -> 0 | W3: =F3-U3 -> 0 | X3: =W3/F3 -> #DIV/0!
A4: 4TH_PHARMA_B2B | B4: - | C4: Raymond_Home_Ltd_B2B | D4: RAYMOND LIFESTYLE LIMITED | E4: 343560 | F4: 8418640 | G4: =IFERROR((F4/E4),0) -> 24.504133 | H4: 361749 | I4: 12830806 | J4: =IFERROR((I4/H4),0) -> 35.468808 | K4: =I4-F4 -> 4412166 | L4: =(H4-E4)/1000 -> 18.189 | M4: Top 20 | O4: =K4/F4 -> 0.52409487 | P4: =L4/(E4/1000) -> 0.052942717 | R4: Aditi | T4: 0 | U4: 0 | V4: =IFERROR((U4/T4),0) -> 0 | W4: =F4-U4 -> 8418640 | X4: =W4/F4 -> 1
A5: 6HEIGHT_B2B | B5: - | C5: Campus_B2B | D5: CAMPUS ACTIVEWEAR LIMITED | E5: 232941 | F5: 2143724 | G5: =IFERROR((F5/E5),0) -> 9.2028625 | H5: 571090 | I5: 5441432 | J5: =IFERROR((I5/H5),0) -> 9.5281514 | K5: =I5-F5 -> 3297708 | L5: =(H5-E5)/1000 -> 338.149 | M5: Top 20 | O5: =K5/F5 -> 1.5383081 | P5: =L5/(E5/1000) -> 1.4516508 | R5: Gaurav
A6: AADI_SHAKTI_B2B | B6: New (Aug) | C6: PUMA_SPORT_B2B | D6: PUMA SPORTS INDIA PRIVATE LIMITED | E6: 421570 | F6: 3558786 | G6: =IFERROR((F6/E6),0) -> 8.441744 | H6: 785133 | I6: 5943354 | J6: =IFERROR((I6/H6),0) -> 7.5698691 | K6: =I6-F6 -> 2384568 | L6: =(H6-E6)/1000 -> 363.563 | M6: Top 20 | O6: =K6/F6 -> 0.67005097 | P6: =L6/(E6/1000) -> 0.86240245 | R6: Anjali | T6: 0 | U6: 0 | V6: =IFERROR((U6/T6),0) -> 0 | W6: =F6-U6 -> 3558786 | X6: =W6/F6 -> 1
A7: AAJ_ENTERPRISES_B2B | B7: New July'24 | C7: Signify_East_Secondary_B2B | D7: SIGNIFY INNOVATIONS INDIA LIMITED | E7: 209217 | F7: 2038340 | G7: =IFERROR((F7/E7),0) -> 9.7427073 | H7: 404357 | I7: 3529964 | J7: =IFERROR((I7/H7),0) -> 8.7298204 | K7: =I7-F7 -> 1491624 | L7: =(H7-E7)/1000 -> 195.14 | M7: Top 20 | O7: =K7/F7 -> 0.73178371 | P7: =L7/(E7/1000) -> 0.93271579 | R7: Tasleem | T7: 0 | U7: 0 | V7: =IFERROR((U7/T7),0) -> 0 | W7: =F7-U7 -> 2038340 | X7: =W7/F7 -> 1
A8: AANSWR_FASHION_B2B | B8: - | C8: Pageindustries_Hoskote_B2B | D8: Page Industries Limited | E8: 0 | F8: 0 | G8: =IFERROR((F8/E8),0) -> 0 | H8: 190276 | I8: 1429574 | J8: =IFERROR((I8/H8),0) -> 7.5131598 | K8: =I8-F8 -> 1429574 | L8: =(H8-E8)/1000 -> 190.276 | M8: Top 20 | O8: =K8/F8 -> #DIV/0! | P8: =L8/(E8/1000) -> #DIV/0! | R8: Keshav | T8: 4237 | U8: 64571 | V8: =IFERROR((U8/T8),0) -> 15.239792 | W8: =F8-U8 -> -64571 | X8: =W8/F8 -> #DIV/0!
A9: ABHAY_TECHNO_B2B | B9: - | C9: Himalaya_FG_B2B | D9: HIMALAYA WELLNESS COMPANY | E9: 98329 | F9: 685978.2 | G9: =IFERROR((F9/E9),0) -> 6.9763569 | H9: 250721 | I9: 1905884 | J9: =IFERROR((I9/H9),0) -> 7.6016129 | K9: =I9-F9 -> 1219905.8 | L9: =(H9-E9)/1000 -> 152.392 | M9: Top 20 | O9: =K9/F9 -> 1.7783449 | P9: =L9/(E9/1000) -> 1.5498174 | R9: Keshav | T9: 110 | U9: 1400 | V9: =IFERROR((U9/T9),0) -> 12.727273 | W9: =F9-U9 -> 684578.2 | X9: =W9/F9 -> 0.99795912
A10: AbrosSports_B2B | B10: New client (Jul'26) | C10: TURTLE_B2B | D10: Turtle Limited | E10: 3601 | F10: 46288.03 | G10: =IFERROR((F10/E10),0) -> 12.854215 | H10: 128252 | I10: 1180349 | J10: =IFERROR((I10/H10),0) -> 9.2033575 | K10: =I10-F10 -> 1134061 | L10: =(H10-E10)/1000 -> 124.651 | M10: Top 20 | O10: =K10/F10 -> 24.500091 | P10: =L10/(E10/1000) -> 34.615662 | R10: Pallavi | T10: 0 | U10: 0 | V10: =IFERROR((U10/T10),0) -> 0 | W10: =F10-U10 -> 46288.03 | X10: =W10/F10 -> 1
A11: ACCUMAX_LAB_B2B | B11: New client (Aug'26) | C11: TITAN_WAT_BNG_B2B | D11: TITAN COMPANY LIMITED | E11: 0 | F11: 0 | G11: =IFERROR((F11/E11),0) -> 0 | H11: 99810 | I11: 1089887 | J11: =IFERROR((I11/H11),0) -> 10.919617 | K11: =I11-F11 -> 1089887 | L11: =(H11-E11)/1000 -> 99.81 | M11: - | O11: =K11/F11 -> #DIV/0! | P11: =L11/(E11/1000) -> #DIV/0! | R11: Balu | T11: 1134 | U11: 8604 | V11: =IFERROR((U11/T11),0) -> 7.5873016 | W11: =F11-U11 -> -8604 | X11: =W11/F11 -> #DIV/0!
A12: ACEFOUR_ACCESSORIES_B2B | B12: - | C12: REDTAPE_B2B | D12: REDTAPE LIMITED | E12: 16160 | F12: 309341.9 | G12: =IFERROR((F12/E12),0) -> 19.142444 | H12: 82205 | I12: 1270466 | J12: =IFERROR((I12/H12),0) -> 15.454851 | K12: =I12-F12 -> 961124.1 | L12: =(H12-E12)/1000 -> 66.045 | M12: Top 20 | O12: =K12/F12 -> 3.1069962 | P12: =L12/(E12/1000) -> 4.0869431 | R12: Tasleem | T12: 0 | U12: 0 | V12: =IFERROR((U12/T12),0) -> 0 | W12: =F12-U12 -> 309341.9 | X12: =W12/F12 -> 1
A13: Adidas_B2B | B13: New client (Jan'25) | C13: SOUTHERN HEALTH_B2B | D13: SOUTHERN HEALTH FOODS PRIVATE LIMITED | E13: 14616 | F13: 239584.9 | G13: =IFERROR((F13/E13),0) -> 16.391961 | H13: 74641 | I13: 1034801 | J13: =IFERROR((I13/H13),0) -> 13.863708 | K13: =I13-F13 -> 795216.1 | L13: =(H13-E13)/1000 -> 60.025 | M13: Top 20 | O13: =K13/F13 -> 3.3191411 | P13: =L13/(E13/1000) -> 4.1068008 | R13: Padma | T13: 7836 | U13: 134797 | V13: =IFERROR((U13/T13),0) -> 17.202272 | W13: =F13-U13 -> 104787.9 | X13: =W13/F13 -> 0.43737272
A14: ADITYA_ENTERPRISES_B2B | B14: New client (Aug'26) | C14: BERSACHE_B2B | D14: BERSACHE SPORTS INTERNATIONAL PRIVATE LIMITED | E14: 0 | F14: 0 | G14: =IFERROR((F14/E14),0) -> 0 | H14: 100286 | I14: 733820 | J14: =IFERROR((I14/H14),0) -> 7.3172726 | K14: =I14-F14 -> 733820 | L14: =(H14-E14)/1000 -> 100.286 | M14: - | O14: =K14/F14 -> #DIV/0! | P14: =L14/(E14/1000) -> #DIV/0! | R14: Avinash
A15: Aditya _Infotech_B2b | B15: New client (Aug'26) | C15: DOT_KEY_B2B | D15: DOT & KEY WELLNESS LIMITED | E15: 0 | F15: 0 | G15: =IFERROR((F15/E15),0) -> 0 | H15: 59331 | I15: 661879 | J15: =IFERROR((I15/H15),0) -> 11.155703 | K15: =I15-F15 -> 661879 | L15: =(H15-E15)/1000 -> 59.331 | M15: - | O15: =K15/F15 -> #DIV/0! | P15: =L15/(E15/1000) -> #DIV/0! | R15: Saud
A16: AdityaBirlaFashion_b2b | B16: New client (Jul'26) | C16: JUPITER_LAMINATORS_B2B | D16: JUPITER LAMINATORS PRIVATE LIMITED | E16: 7745 | F16: 66451.09 | G16: =IFERROR((F16/E16),0) -> 8.5798696 | H16: 75506 | I16: 724199 | J16: =IFERROR((I16/H16),0) -> 9.5912775 | K16: =I16-F16 -> 657747.91 | L16: =(H16-E16)/1000 -> 67.761 | M16: Top 20 | O16: =K16/F16 -> 9.898226 | P16: =L16/(E16/1000) -> 8.7489994 | R16: Sudhanshu | T16: 15883 | U16: 241496 | V16: =IFERROR((U16/T16),0) -> 15.204684 | W16: =F16-U16 -> -175044.91 | X16: =W16/F16 -> -2.6341917
A17: ADL_International_B2B | B17: - | C17: Bombay_Wheels_B2B | D17: BOMBAY WHEELS | E17: 5908 | F17: 111713.7 | G17: =IFERROR((F17/E17),0) -> 18.908886 | H17: 39701 | I17: 736967 | J17: =IFERROR((I17/H17),0) -> 18.562933 | K17: =I17-F17 -> 625253.3 | L17: =(H17-E17)/1000 -> 33.793 | M17: Top 20 | O17: =K17/F17 -> 5.5969259 | P17: =L17/(E17/1000) -> 5.7198714 | R17: Deepak Jha | T17: 0 | U17: 0 | V17: =IFERROR((U17/T17),0) -> 0 | W17: =F17-U17 -> 111713.7 | X17: =W17/F17 -> 1
A18: AETRIO_TECHNOLOGY_B2B | B18: New client (Feb'26) | C18: Schneider_B2B | D18: Schneider Electric Private Limited | E18: 0 | F18: 0 | G18: =IFERROR((F18/E18),0) -> 0 | H18: 101449 | I18: 584941 | J18: =IFERROR((I18/H18),0) -> 5.7658627 | K18: =I18-F18 -> 584941 | L18: =(H18-E18)/1000 -> 101.449 | M18: Top 20 | O18: =K18/F18 -> #DIV/0! | P18: =L18/(E18/1000) -> #DIV/0! | R18: Padma | T18: 0 | U18: 0 | V18: =IFERROR((U18/T18),0) -> 0 | W18: =F18-U18 -> 0 | X18: =W18/F18 -> #DIV/0!
A19: AFFINITY_B2B | B19: New client (Aug'26) | C19: KONICA_CHN_PRN_B2B | D19: KONICA MINOLTA BUSINESS SOLUTIONS INDIA PRIVATE LIMITED | E19: 0 | F19: 0 | G19: =IFERROR((F19/E19),0) -> 0 | H19: 32762 | I19: 553953 | J19: =IFERROR((I19/H19),0) -> 16.9084 | K19: =I19-F19 -> 553953 | L19: =(H19-E19)/1000 -> 32.762 | M19: - | O19: =K19/F19 -> #DIV/0! | P19: =L19/(E19/1000) -> #DIV/0! | R19: Pramod | T19: 370 | U19: 14139 | V19: =IFERROR((U19/T19),0) -> 38.213514 | W19: =F19-U19 -> -14139 | X19: =W19/F19 -> #DIV/0!
A20: AGILITAS_B2B | B20: New client (Feb'26) | C20: BATA_B2B | D20: BATA INDIA LIMITED | E20: 2787 | F20: 67335 | G20: =IFERROR((F20/E20),0) -> 24.160388 | H20: 98230 | I20: 595525 | J20: =IFERROR((I20/H20),0) -> 6.0625573 | K20: =I20-F20 -> 528190 | L20: =(H20-E20)/1000 -> 95.443 | M20: Top 20 | O20: =K20/F20 -> 7.8442118 | P20: =L20/(E20/1000) -> 34.245784 | R20: Gaurav | T20: 20840 | U20: 230090 | V20: =IFERROR((U20/T20),0) -> 11.040787 | W20: =F20-U20 -> -162755 | X20: =W20/F20 -> -2.4170936
A21: AIRMAIL_B2B | B21: New client (Jul'26) | C21: FMI_LTD_B2B | D21: FMI LTD | E21: 52179 | F21: 425263 | G21: =IFERROR((F21/E21),0) -> 8.1500795 | H21: 118964 | I21: 935853 | J21: =IFERROR((I21/H21),0) -> 7.8666908 | K21: =I21-F21 -> 510590 | L21: =(H21-E21)/1000 -> 66.785 | M21: Top 20 | O21: =K21/F21 -> 1.2006452 | P21: =L21/(E21/1000) -> 1.279921 | R21: Raj Kamal | T21: 0 | U21: 1416 | V21: =IFERROR((U21/T21),0) -> 0 | W21: =F21-U21 -> 423847 | X21: =W21/F21 -> 0.9966703
A22: AJANTA_SHOES_B2B | B22: New client (Mar'26) | C22: JAMBULOGIX_B2B | D22: JAMBULOGIX PRIVATE LIMITED | E22: 104435 | F22: 1235627 | G22: =IFERROR((F22/E22),0) -> 11.831541 | H22: 140818 | I22: 1733732 | J22: =IFERROR((I22/H22),0) -> 12.311864 | K22: =I22-F22 -> 498105 | L22: =(H22-E22)/1000 -> 36.383 | M22: Top 20 | O22: =K22/F22 -> 0.40311923 | P22: =L22/(E22/1000) -> 0.34837937 | R22: Deepak Jha | T22: 3000 | U22: 44332 | V22: =IFERROR((U22/T22),0) -> 14.777333 | W22: =F22-U22 -> 1191295 | X22: =W22/F22 -> 0.96412186 | Y22: top 20
A23: ALPINO_B2B | B23: New client (Aug'26) | C23: BOLDFIT_B2B | D23: BLING BRANDS PRIVATE LIMITED | E23: 0 | F23: 0 | G23: =IFERROR((F23/E23),0) -> 0 | H23: 48784 | I23: 491395 | J23: =IFERROR((I23/H23),0) -> 10.072872 | K23: =I23-F23 -> 491395 | L23: =(H23-E23)/1000 -> 48.784 | M23: - | O23: =K23/F23 -> #DIV/0! | P23: =L23/(E23/1000) -> #DIV/0! | R23: Deepak | T23: 0 | U23: 0 | V23: =IFERROR((U23/T23),0) -> 0 | W23: =F23-U23 -> 0 | X23: =W23/F23 -> #DIV/0!
A24: AMAR_BIO_B2B | B24: New client (Jan'26) | C24: OLA_B2B | D24: Ola Electric Technologies Private Limited | E24: 298543 | F24: 4269549 | G24: =IFERROR((F24/E24),0) -> 14.301287 | H24: 373314 | I24: 4754392 | J24: =IFERROR((I24/H24),0) -> 12.735638 | K24: =I24-F24 -> 484843 | L24: =(H24-E24)/1000 -> 74.771 | M24: Top 20 | O24: =K24/F24 -> 0.11355836 | P24: =L24/(E24/1000) -> 0.25045303 | R24: Keshav | T24: 3499 | U24: 114331 | V24: =IFERROR((U24/T24),0) -> 32.675336 | W24: =F24-U24 -> 4155218 | X24: =W24/F24 -> 0.97322176
A25: AMLANI_B2B | B25: New client (Jan'26) | C25: Bharatpe_B2B | D25: RESILIENT INNOVATIONS PRIVATE LIMITED | E25: 8295 | F25: 143708.4 | G25: =IFERROR((F25/E25),0) -> 17.324702 | H25: 36512 | I25: 594291 | J25: =IFERROR((I25/H25),0) -> 16.276594 | K25: =I25-F25 -> 450582.6 | L25: =(H25-E25)/1000 -> 28.217 | M25: Top 20 | O25: =K25/F25 -> 3.135395 | P25: =L25/(E25/1000) -> 3.4016878 | R25: Deepak Jha | T25: 0 | U25: 0 | V25: =IFERROR((U25/T25),0) -> 0 | W25: =F25-U25 -> 143708.4 | X25: =W25/F25 -> 1
A26: Amruta_Herbals_B2B | B26: New client (May'26) | C26: RELIABLE_B2B | D26: RELIABLE INTERNATIONAL | E26: 214 | F26: 5592.2 | G26: =IFERROR((F26/E26),0) -> 26.131776 | H26: 42335 | I26: 440669 | J26: =IFERROR((I26/H26),0) -> 10.409094 | K26: =I26-F26 -> 435076.8 | L26: =(H26-E26)/1000 -> 42.121 | M26: Top 20 | O26: =K26/F26 -> 77.800651 | P26: =L26/(E26/1000) -> 196.8271 | R26: Rahul | T26: 0 | U26: 0 | V26: =IFERROR((U26/T26),0) -> 0 | W26: =F26-U26 -> 5592.2 | X26: =W26/F26 -> 1
A27: Amul_Macho_B2B | B27: New client (Aug'25) | C27: DUKE_FASHIONS_B2B | D27: DUKE FASHION INDIA LTD | E27: 20451 | F27: 275460.6 | G27: =IFERROR((F27/E27),0) -> 13.469297 | H27: 45655 | I27: 700051 | J27: =IFERROR((I27/H27),0) -> 15.333501 | K27: =I27-F27 -> 424590.4 | L27: =(H27-E27)/1000 -> 25.204 | M27: Top 20 | O27: =K27/F27 -> 1.5413834 | P27: =L27/(E27/1000) -> 1.2324092 | R27: Deepak Jha | T27: 0 | U27: 0 | V27: =IFERROR((U27/T27),0) -> 0 | W27: =F27-U27 -> 275460.6 | X27: =W27/F27 -> 1
A28: Apollosupplychain_B2B | B28: New client (Aug'26) | C28: MOUNTHILLS_B2B | D28: Mounthills Incorporation | E28: 0 | F28: 0 | G28: =IFERROR((F28/E28),0) -> 0 | H28: 39114 | I28: 408365 | J28: =IFERROR((I28/H28),0) -> 10.440379 | K28: =I28-F28 -> 408365 | L28: =(H28-E28)/1000 -> 39.114 | M28: - | O28: =K28/F28 -> #DIV/0! | P28: =L28/(E28/1000) -> #DIV/0! | R28: Kaushal | T28: 1874 | U28: 54572 | V28: =IFERROR((U28/T28),0) -> 29.120598 | W28: =F28-U28 -> -54572 | X28: =W28/F28 -> #DIV/0!
A29: Argo_Retail_B2B | B29: New client (Nov'25) | C29: METRO_ECOM_B2B | D29: Metro Brands Limited | E29: 85546 | F29: 1093123 | G29: =IFERROR((F29/E29),0) -> 12.77819 | H29: 47672 | I29: 1484018 | J29: =IFERROR((I29/H29),0) -> 31.129762 | K29: =I29-F29 -> 390895 | L29: =(H29-E29)/1000 -> -37.874 | M29: Top 20 | O29: =K29/F29 -> 0.35759471 | P29: =L29/(E29/1000) -> -0.44273256 | R29: Pratik
A30: ARSH_EXPRESS_B2B | B30: New client (Aug'26) | C30: ROTECH_HEALTHCARE_B2B | D30: ROTECH_HEALTHCARE_B2B | E30: 0 | F30: 0 | G30: =IFERROR((F30/E30),0) -> 0 | H30: 41808 | I30: 388294 | J30: =IFERROR((I30/H30),0) -> 9.2875526 | K30: =I30-F30 -> 388294 | L30: =(H30-E30)/1000 -> 41.808 | M30: - | O30: =K30/F30 -> #DIV/0! | P30: =L30/(E30/1000) -> #DIV/0! | R30: Aman | T30: 175731 | U30: 2219326 | V30: =IFERROR((U30/T30),0) -> 12.629109 | W30: =F30-U30 -> -2219326 | X30: =W30/F30 -> #DIV/0!
A31: ARV_INDUSTRIES_B2B | B31: New client (Jul'26) | C31: CDS_LOGISTICS_B2B | D31: CDS LOGISTICS | E31: 16631 | F31: 176026.9 | G31: =IFERROR((F31/E31),0) -> 10.584264 | H31: 58309 | I31: 563617 | J31: =IFERROR((I31/H31),0) -> 9.6660378 | K31: =I31-F31 -> 387590.1 | L31: =(H31-E31)/1000 -> 41.678 | M31: - | O31: =K31/F31 -> 2.2018799 | P31: =L31/(E31/1000) -> 2.5060429 | R31: Rahul | T31: 0 | U31: 0 | V31: =IFERROR((U31/T31),0) -> 0 | W31: =F31-U31 -> 176026.9 | X31: =W31/F31 -> 1
A32: ASHANA_B2B | B32: New client (Feb'26) | C32: KORES_INBOUND_B2B | D32: KORES INDIA LIMITED | E32: 48329 | F32: 655163.8 | G32: =IFERROR((F32/E32),0) -> 13.556328 | H32: 72941 | I32: 1035149 | J32: =IFERROR((I32/H32),0) -> 14.191593 | K32: =I32-F32 -> 379985.2 | L32: =(H32-E32)/1000 -> 24.612 | M32: - | O32: =K32/F32 -> 0.57998504 | P32: =L32/(E32/1000) -> 0.50925945 | R32: Aditi | T32: 0 | U32: 0 | V32: =IFERROR((U32/T32),0) -> 0 | W32: =F32-U32 -> 655163.8 | X32: =W32/F32 -> 1
A33: Asia_Parcel_B2B | B33: New (Aug) | C33: ATMOS_CARE_B2B | D33: ATMOS CARE PRIVATE LIMITED | E33: 204013 | F33: 2412711 | G33: =IFERROR((F33/E33),0) -> 11.826261 | H33: 236801 | I33: 2750762 | J33: =IFERROR((I33/H33),0) -> 11.616345 | K33: =I33-F33 -> 338051 | L33: =(H33-E33)/1000 -> 32.788 | M33: - | O33: =K33/F33 -> 0.14011251 | P33: =L33/(E33/1000) -> 0.16071525 | R33: Harisha | T33: 2851 | U33: 31877 | V33: =IFERROR((U33/T33),0) -> 11.180989 | W33: =F33-U33 -> 2380834 | X33: =W33/F33 -> 0.98678789
A34: ASIAN_FOOTWEARS_B2B | B34: New client (Aug'26) | C34: SUN_ORGANIC_B2B | D34: SUN ORGANIC INDUSTRIES PRIVATE LIMITED | E34: 0 | F34: 0 | G34: =IFERROR((F34/E34),0) -> 0 | H34: 34901 | I34: 310706 | J34: =IFERROR((I34/H34),0) -> 8.9024956 | K34: =I34-F34 -> 310706 | L34: =(H34-E34)/1000 -> 34.901 | M34: - | O34: =K34/F34 -> #DIV/0! | P34: =L34/(E34/1000) -> #DIV/0! | R34: Sudhanshu | T34: 9664 | U34: 119081 | V34: =IFERROR((U34/T34),0) -> 12.322123 | W34: =F34-U34 -> -119081 | X34: =W34/F34 -> #DIV/0!
A35: ASIAN_RETAIL_B2B | B35: New client (Jul'26) | C35: SME_EXPRESS_B2B | D35: SME EXPRESS | E35: 38974 | F35: 429050.7 | G35: =IFERROR((F35/E35),0) -> 11.008639 | H35: 64967 | I35: 737724 | J35: =IFERROR((I35/H35),0) -> 11.355365 | K35: =I35-F35 -> 308673.3 | L35: =(H35-E35)/1000 -> 25.993 | M35: - | O35: =K35/F35 -> 0.71943316 | P35: =L35/(E35/1000) -> 0.6669318 | R35: Balu | T35: 1915 | U35: 19059 | V35: =IFERROR((U35/T35),0) -> 9.9524804 | W35: =F35-U35 -> 409991.7 | X35: =W35/F35 -> 0.95557868 | Y35: top 20
A36: ASMR_BITES_B2B | B36: New client (Feb'26) | C36: THE_WOOD_WHITE_B2B | D36: THE WOOD WHITE INDIA | E36: 4107 | F36: 140898.7 | G36: =IFERROR((F36/E36),0) -> 34.306964 | H36: 28847 | I36: 447741 | J36: =IFERROR((I36/H36),0) -> 15.521233 | K36: =I36-F36 -> 306842.3 | L36: =(H36-E36)/1000 -> 24.74 | M36: - | O36: =K36/F36 -> 2.1777511 | P36: =L36/(E36/1000) -> 6.0238617 | R36: Pooja
A37: ATMOS_CARE_B2B | B37: New client (Jul'26) | C37: METRO_RETAIL_B2B | D37: Metro Retail | E37: 98767 | F37: 920659.9 | G37: =IFERROR((F37/E37),0) -> 9.3215335 | H37: 126179 | I37: 1222905 | J37: =IFERROR((I37/H37),0) -> 9.6918267 | K37: =I37-F37 -> 302245.1 | L37: =(H37-E37)/1000 -> 27.412 | M37: - | O37: =K37/F37 -> 0.3282918 | P37: =L37/(E37/1000) -> 0.27754209 | R37: Saud
A38: AUSTRALIAN_FOODS_B2B | B38: New client (Jan'26) | C38: JQR_B2B | D38: JQR SPORTS (INDIA) PRIVATE LIMITED | E38: 119203 | F38: 1281363 | G38: =IFERROR((F38/E38),0) -> 10.749419 | H38: 133584 | I38: 1574464 | J38: =IFERROR((I38/H38),0) -> 11.786322 | K38: =I38-F38 -> 293101 | L38: =(H38-E38)/1000 -> 14.381 | M38: - | O38: =K38/F38 -> 0.22874158 | P38: =L38/(E38/1000) -> 0.12064294 | R38: Tasleem | T38: 0 | U38: 0 | V38: =IFERROR((U38/T38),0) -> 0 | W38: =F38-U38 -> 1281363 | X38: =W38/F38 -> 1
A39: AWESOMEFAB_B2B | B39: New client (Mar'26) | C39: LAZER_B2B | D39: LAZER INDIA PRIVATE LIMITED | E39: 25666 | F39: 238275.7 | G39: =IFERROR((F39/E39),0) -> 9.28371 | H39: 50333 | I39: 499492 | J39: =IFERROR((I39/H39),0) -> 9.9237478 | K39: =I39-F39 -> 261216.3 | L39: =(H39-E39)/1000 -> 24.667 | M39: - | O39: =K39/F39 -> 1.0962775 | P39: =L39/(E39/1000) -> 0.96107691 | R39: Sudhanshu | T39: 69 | U39: 1243 | V39: =IFERROR((U39/T39),0) -> 18.014493 | W39: =F39-U39 -> 237032.7 | X39: =W39/F39 -> 0.99478335 | Y39: Near churn
A40: B_JAIN_PHARMA_B2B | B40: New client (Feb'26) | C40: SHREE_KARNI_B2B | D40: SHREE KARNI KRIPAA ENTERPRISES | E40: 74886 | F40: 1271982 | G40: =IFERROR((F40/E40),0) -> 16.985578 | H40: 110756 | I40: 1531762 | J40: =IFERROR((I40/H40),0) -> 13.830059 | K40: =I40-F40 -> 259780 | L40: =(H40-E40)/1000 -> 35.87 | M40: - | O40: =K40/F40 -> 0.20423245 | P40: =L40/(E40/1000) -> 0.47899474 | R40: Pooja
A41: B_VISHAL_CORP_B2B | B41: - | C41: PICKRR_B2B | D41: PICKRR TECHNOLOGIES PRIVATE LIMITED | E41: 328664 | F41: 3958381 | G41: =IFERROR((F41/E41),0) -> 12.043853 | H41: 359571 | I41: 4212428 | J41: =IFERROR((I41/H41),0) -> 11.715149 | K41: =I41-F41 -> 254047 | L41: =(H41-E41)/1000 -> 30.907 | M41: - | O41: =K41/F41 -> 0.064179522 | P41: =L41/(E41/1000) -> 0.094038288 | R41: Tasleem | T41: 217823 | U41: 2250838 | V41: =IFERROR((U41/T41),0) -> 10.333335 | W41: =F41-U41 -> 1707543 | X41: =W41/F41 -> 0.43137409
A42: BARFLEX_B2B | B42: new client (Jul'25) | C42: Argo_Retail_B2B | D42: ARGO TRADING INDIA PRIVATE LIMITED | E42: 3711 | F42: 140923.2 | G42: =IFERROR((F42/E42),0) -> 37.974454 | H42: 32190 | I42: 388698 | J42: =IFERROR((I42/H42),0) -> 12.075116 | K42: =I42-F42 -> 247774.8 | L42: =(H42-E42)/1000 -> 28.479 | M42: - | O42: =K42/F42 -> 1.7582258 | P42: =L42/(E42/1000) -> 7.6742118 | R42: Deepak Jha
A43: BATA_B2B | B43: - | C43: ASIAN_RETAIL_B2B | D43: ASIAN RETAIL VENTURES | E43: 70549 | F43: 557126 | G43: =IFERROR((F43/E43),0) -> 7.8970078 | H43: 103683 | I43: 799930 | J43: =IFERROR((I43/H43),0) -> 7.715151 | K43: =I43-F43 -> 242804 | L43: =(H43-E43)/1000 -> 33.134 | M43: - | O43: =K43/F43 -> 0.43581524 | P43: =L43/(E43/1000) -> 0.46965939 | R43: Gaurav | T43: 6932 | U43: 78626 | V43: =IFERROR((U43/T43),0) -> 11.34247 | W43: =F43-U43 -> 478500 | X43: =W43/F43 -> 0.85887214
A44: BEAUTY_IMPEX_B2B | B44: New client (Oct'25) | C44: KARCHER_B2B | D44: KARCHER CLEANING SYSTEMS PRIVATE LIMITED | E44: 40506 | F44: 608957.1 | G44: =IFERROR((F44/E44),0) -> 15.033751 | H44: 57473 | I44: 849583 | J44: =IFERROR((I44/H44),0) -> 14.782298 | K44: =I44-F44 -> 240625.9 | L44: =(H44-E44)/1000 -> 16.967 | M44: - | O44: =K44/F44 -> 0.39514426 | P44: =L44/(E44/1000) -> 0.41887622 | R44: Kaushal | T44: 0 | U44: 0 | V44: =IFERROR((U44/T44),0) -> 0 | W44: =F44-U44 -> 608957.1 | X44: =W44/F44 -> 1
A45: BENETTON_B2B | B45: - | C45: LUX_LYRA_B2B | D45: LUX INDUSTRIES LIMITED | E45: 15576 | F45: 156201 | G45: =IFERROR((F45/E45),0) -> 10.028313 | H45: 34639 | I45: 395931 | J45: =IFERROR((I45/H45),0) -> 11.430209 | K45: =I45-F45 -> 239730 | L45: =(H45-E45)/1000 -> 19.063 | M45: - | O45: =K45/F45 -> 1.5347533 | P45: =L45/(E45/1000) -> 1.2238701 | R45: Pallavi | T45: 3143 | U45: 66660 | V45: =IFERROR((U45/T45),0) -> 21.209036 | W45: =F45-U45 -> 89541 | X45: =W45/F45 -> 0.57324217
A46: BHAIRAVNATH_IMPEX_B2B | B46: New client (Aug'26) | C46: GEAR_B2B | D46: GEAR MERCHANDISE PRIVATE LIMITED | E46: 0 | F46: 0 | G46: =IFERROR((F46/E46),0) -> 0 | H46: 18732 | I46: 235734 | J46: =IFERROR((I46/H46),0) -> 12.584561 | K46: =I46-F46 -> 235734 | L46: =(H46-E46)/1000 -> 18.732 | M46: - | O46: =K46/F46 -> #DIV/0! | P46: =L46/(E46/1000) -> #DIV/0! | R46: Pallavi | T46: 2374 | U46: 35748 | V46: =IFERROR((U46/T46),0) -> 15.05813 | W46: =F46-U46 -> -35748 | X46: =W46/F46 -> #DIV/0! | Y46: Near churn
A47: Bharatpe_B2B | B47: New client (Jun'26) | C47: VS_MANI_B2B | D47: VS MANI PRIVATE LIMITED | E47: 19055 | F47: 239973.1 | G47: =IFERROR((F47/E47),0) -> 12.593708 | H47: 31677 | I47: 472422 | J47: =IFERROR((I47/H47),0) -> 14.913723 | K47: =I47-F47 -> 232448.9 | L47: =(H47-E47)/1000 -> 12.622 | M47: - | O47: =K47/F47 -> 0.96864565 | P47: =L47/(E47/1000) -> 0.66239832 | R47: Deepak | T47: 0 | U47: 0 | V47: =IFERROR((U47/T47),0) -> 0 | W47: =F47-U47 -> 239973.1 | X47: =W47/F47 -> 1
A48: BIGHUB_B2B | B48: New client (Aug'26) | C48: KANHA_B2B | D48: KANHA HOME DECOR | E48: 0 | F48: 0 | G48: =IFERROR((F48/E48),0) -> 0 | H48: 20526 | I48: 227365 | J48: =IFERROR((I48/H48),0) -> 11.076927 | K48: =I48-F48 -> 227365 | L48: =(H48-E48)/1000 -> 20.526 | M48: - | O48: =K48/F48 -> #DIV/0! | P48: =L48/(E48/1000) -> #DIV/0! | R48: Shekhar
A49: Bigship_B2B | B49: New client (May'26) | C49: GAINT_LOGISTIC_B2B | D49: GAINT LOGISTIC PRIVATE LIMITED | E49: 295 | F49: 9647.831 | G49: =IFERROR((F49/E49),0) -> 32.704512 | H49: 12694 | I49: 236792 | J49: =IFERROR((I49/H49),0) -> 18.653852 | K49: =I49-F49 -> 227144.17 | L49: =(H49-E49)/1000 -> 12.399 | M49: - | O49: =K49/F49 -> 23.543548 | P49: =L49/(E49/1000) -> 42.030508 | R49: Ashish | T49: 0 | U49: 0 | V49: =IFERROR((U49/T49),0) -> 0 | W49: =F49-U49 -> 9647.831 | X49: =W49/F49 -> 1
A50: BLEND_B2B | B50: New client (May'26) | C50: GST_B2B | D50: GST Logistic | E50: 2795 | F50: 16550.75 | G50: =IFERROR((F50/E50),0) -> 5.9215564 | H50: 22833 | I50: 242391 | J50: =IFERROR((I50/H50),0) -> 10.615819 | K50: =I50-F50 -> 225840.25 | L50: =(H50-E50)/1000 -> 20.038 | M50: - | O50: =K50/F50 -> 13.645318 | P50: =L50/(E50/1000) -> 7.1692308 | R50: Rahul | T50: 0 | U50: 0 | V50: =IFERROR((U50/T50),0) -> 0 | W50: =F50-U50 -> 16550.75 | X50: =W50/F50 -> 1
A51: BLUEDOT_B2B | B51: New client (Aug'26) | C51: EJOT-OCTAQON_B2B | D51: EJOT-OCTAQON FASTENING SYSTEMS PRIVATE LIMITED | E51: 0 | F51: 0 | G51: =IFERROR((F51/E51),0) -> 0 | H51: 16489 | I51: 224902 | J51: =IFERROR((I51/H51),0) -> 13.639517 | K51: =I51-F51 -> 224902 | L51: =(H51-E51)/1000 -> 16.489 | M51: - | O51: =K51/F51 -> #DIV/0! | P51: =L51/(E51/1000) -> #DIV/0! | R51: Rahul | T51: 0 | U51: 0 | V51: =IFERROR((U51/T51),0) -> 0 | W51: =F51-U51 -> 0 | X51: =W51/F51 -> #DIV/0!
A52: Bolasagro_B2B | B52: New client (Aug'26) | C52: TYNOR_B2B | D52: TYNOR ORTHOTICS PRIVATE LIMITED | E52: 0 | F52: 0 | G52: =IFERROR((F52/E52),0) -> 0 | H52: 6462 | I52: 219821 | J52: =IFERROR((I52/H52),0) -> 34.017487 | K52: =I52-F52 -> 219821 | L52: =(H52-E52)/1000 -> 6.462 | M52: - | O52: =K52/F52 -> #DIV/0! | P52: =L52/(E52/1000) -> #DIV/0! | R52: Subhash | T52: 0 | U52: 1152 | V52: =IFERROR((U52/T52),0) -> 0 | W52: =F52-U52 -> -1152 | X52: =W52/F52 -> #DIV/0! | Y52: top 20
A53: Bombay_Wheels_B2B | B53: New client (Aug'26) | C53: KKCL_B2B | D53: KEWAL KIRAN CLOTHING PRIVATE LIMITED | E53: 0 | F53: 0 | G53: =IFERROR((F53/E53),0) -> 0 | H53: 17533 | I53: 208528 | J53: =IFERROR((I53/H53),0) -> 11.893458 | K53: =I53-F53 -> 208528 | L53: =(H53-E53)/1000 -> 17.533 | M53: - | O53: =K53/F53 -> #DIV/0! | P53: =L53/(E53/1000) -> #DIV/0! | R53: Pratik | T53: 3448 | U53: 41317 | V53: =IFERROR((U53/T53),0) -> 11.982889 | W53: =F53-U53 -> -41317 | X53: =W53/F53 -> #DIV/0! | Y53: top 20
A54: BRAND_POWER_B2B | B54: New client (Jul'26) | C54: OZONE_B2B | D54: OZONE PHARMACEUTICALS LIMITED | E54: 10195 | F54: 93174.15 | G54: =IFERROR((F54/E54),0) -> 9.1392006 | H54: 30316 | I54: 299387 | J54: =IFERROR((I54/H54),0) -> 9.8755443 | K54: =I54-F54 -> 206212.85 | L54: =(H54-E54)/1000 -> 20.121 | M54: - | O54: =K54/F54 -> 2.2131981 | P54: =L54/(E54/1000) -> 1.9736145 | R54: Rahul | T54: 0 | U54: 0 | V54: =IFERROR((U54/T54),0) -> 0 | W54: =F54-U54 -> 93174.15 | X54: =W54/F54 -> 1
A55: Bright_Lifecare_B2B | B55: - | C55: GRACIOUS_LOGISTICS_B2B | D55: GRACIOUS LOGISTICS AND WAREHOUSE PRIVATE LIMITED | E55: 78807 | F55: 1030235 | G55: =IFERROR((F55/E55),0) -> 13.072887 | H55: 100589 | I55: 1225828 | J55: =IFERROR((I55/H55),0) -> 12.186502 | K55: =I55-F55 -> 195593 | L55: =(H55-E55)/1000 -> 21.782 | M55: - | O55: =K55/F55 -> 0.1898528 | P55: =L55/(E55/1000) -> 0.27639677 | R55: Gaurav | T55: 0 | U55: 0 | V55: =IFERROR((U55/T55),0) -> 0 | W55: =F55-U55 -> 1030235 | X55: =W55/F55 -> 1
A56: BRIOTA_B2B | B56: New client (Jun'26) | C56: GLEN_APPLIANCES_B2B | D56: GLEN APPLIANCES PRIVATE LIMITED | E56: 20863 | F56: 272760.9 | G56: =IFERROR((F56/E56),0) -> 13.073906 | H56: 37443 | I56: 465620 | J56: =IFERROR((I56/H56),0) -> 12.435435 | K56: =I56-F56 -> 192859.1 | L56: =(H56-E56)/1000 -> 16.58 | M56: - | O56: =K56/F56 -> 0.70706285 | P56: =L56/(E56/1000) -> 0.79470834 | R56: Sanchit
A57: BROEKMAN_B2B | B57: New client (May'26) | C57: NANDI_LOGISTIC_B2B | D57: NANDI LOGISTIC | E57: 309 | F57: 10124.18 | G57: =IFERROR((F57/E57),0) -> 32.764337 | H57: 12585 | I57: 201291 | J57: =IFERROR((I57/H57),0) -> 15.994517 | K57: =I57-F57 -> 191166.82 | L57: =(H57-E57)/1000 -> 12.276 | M57: - | O57: =K57/F57 -> 18.882203 | P57: =L57/(E57/1000) -> 39.728155 | R57: Pramod | T57: 46852 | U57: 442907 | V57: =IFERROR((U57/T57),0) -> 9.4533211 | W57: =F57-U57 -> -432782.82 | X57: =W57/F57 -> -42.747444
A58: BULLWORK_MOBILITY_B2B | B58: New client (Jan'25) | C58: Indian_Terrain_B2B | D58: INDIAN TERRAIN FASHIONS LIMITED | E58: 49315 | F58: 738320.2 | G58: =IFERROR((F58/E58),0) -> 14.971514 | H58: 62713 | I58: 924968 | J58: =IFERROR((I58/H58),0) -> 14.749223 | K58: =I58-F58 -> 186647.8 | L58: =(H58-E58)/1000 -> 13.398 | M58: - | O58: =K58/F58 -> 0.25280061 | P58: =L58/(E58/1000) -> 0.27168204 | R58: Padma | T58: 35 | U58: 1223 | V58: =IFERROR((U58/T58),0) -> 34.942857 | W58: =F58-U58 -> 737097.2 | X58: =W58/F58 -> 0.99834354
A59: COFFEE_DAY_B2B | B59: New client (Oct'25) | C59: STUDDS_B2B | D59: STUDDS ACCESSORIES LIMITED | E59: 12208 | F59: 147140.3 | G59: =IFERROR((F59/E59),0) -> 12.052777 | H59: 25638 | I59: 333511 | J59: =IFERROR((I59/H59),0) -> 13.008464 | K59: =I59-F59 -> 186370.7 | L59: =(H59-E59)/1000 -> 13.43 | M59: - | O59: =K59/F59 -> 1.266619 | P59: =L59/(E59/1000) -> 1.1000983 | R59: Deepak Jha | T59: 8899 | U59: 91446 | V59: =IFERROR((U59/T59),0) -> 10.275986 | W59: =F59-U59 -> 55694.3 | X59: =W59/F59 -> 0.37851153
A60: Campus_B2B | B60: New client (Jul'26) | C60: AASHNA_CLUB_B2B | D60: AASHNA CLUB CONCEPT MANAGEMENT PRIVATE LIMITED | E60: 9898 | F60: 105164.6 | G60: =IFERROR((F60/E60),0) -> 10.624833 | H60: 27363 | I60: 291209 | J60: =IFERROR((I60/H60),0) -> 10.642437 | K60: =I60-F60 -> 186044.4 | L60: =(H60-E60)/1000 -> 17.465 | M60: - | O60: =K60/F60 -> 1.7690782 | P60: =L60/(E60/1000) -> 1.7644979 | R60: Pooja | T60: 1254 | U60: 19898 | V60: =IFERROR((U60/T60),0) -> 15.867624 | W60: =F60-U60 -> 85266.6 | X60: =W60/F60 -> 0.81079184
A61: Campussutra_B2B | B61: revival (JuL'26) | C61: EKVIRA_LUD_B2B | D61: EKVIRA COURIER & CARGO SERVICE | E61: 11516 | F61: 143563.4 | G61: =IFERROR((F61/E61),0) -> 12.466429 | H61: 25714 | I61: 327659 | J61: =IFERROR((I61/H61),0) -> 12.742436 | K61: =I61-F61 -> 184095.6 | L61: =(H61-E61)/1000 -> 14.198 | M61: - | O61: =K61/F61 -> 1.2823296 | P61: =L61/(E61/1000) -> 1.2328934 | R61: Shekhar | T61: 11638 | U61: 118201 | V61: =IFERROR((U61/T61),0) -> 10.15647 | W61: =F61-U61 -> 25362.4 | X61: =W61/F61 -> 0.17666341 | Y61: Near churn
A62: CARGOWALE_B2B | B62: - | C62: POWERLOOK_APPARELS_B2B | D62: POWERLOOK APPARELS PRIVATE LIMITED | E62: 0 | F62: 0 | G62: =IFERROR((F62/E62),0) -> 0 | H62: 9166 | I62: 179877 | J62: =IFERROR((I62/H62),0) -> 19.624373 | K62: =I62-F62 -> 179877 | L62: =(H62-E62)/1000 -> 9.166 | M62: - | O62: =K62/F62 -> #DIV/0! | P62: =L62/(E62/1000) -> #DIV/0! | R62: Gaurav Narayan | T62: 0 | U62: 0 | V62: =IFERROR((U62/T62),0) -> 0 | W62: =F62-U62 -> 0 | X62: =W62/F62 -> #DIV/0!
A63: Carrie_Max_B2B | B63: New client (May'26) | C63: ZIVORE_B2B | D63: ZIVORE APPAREL PRIVATE LIMITED | E63: 47792 | F63: 707486 | G63: =IFERROR((F63/E63),0) -> 14.80344 | H63: 58426 | I63: 884880 | J63: =IFERROR((I63/H63),0) -> 15.145312 | K63: =I63-F63 -> 177394 | L63: =(H63-E63)/1000 -> 10.634 | M63: - | O63: =K63/F63 -> 0.25073853 | P63: =L63/(E63/1000) -> 0.22250586 | R63: Sanchit | T63: 0 | U63: 0 | V63: =IFERROR((U63/T63),0) -> 0 | W63: =F63-U63 -> 707486 | X63: =W63/F63 -> 1
A64: CBS_PUBLISHERS_B2B | B64: New client (jun'25) | C64: Campussutra_B2B | D64: CAMPUSSUTRA RETAIL PRIVATE LIMITED | E64: 18477 | F64: 301441.3 | G64: =IFERROR((F64/E64),0) -> 16.314407 | H64: 31762 | I64: 467811 | J64: =IFERROR((I64/H64),0) -> 14.728638 | K64: =I64-F64 -> 166369.7 | L64: =(H64-E64)/1000 -> 13.285 | M64: - | O64: =K64/F64 -> 0.55191409 | P64: =L64/(E64/1000) -> 0.719002 | R64: Abhishek | T64: 2479 | U64: 33435 | V64: =IFERROR((U64/T64),0) -> 13.487293 | W64: =F64-U64 -> 268006.3 | X64: =W64/F64 -> 0.88908288 | Y64: Near churn
A65: Century_Ply_B2B | B65: New client (Jul'26) | C65: CARGOSAVVY_B2B | D65: CARGOSAVVY LOGISTICS PVT LTD | E65: 25217 | F65: 314312.8 | G65: =IFERROR((F65/E65),0) -> 12.464322 | H65: 37667 | I65: 479958 | J65: =IFERROR((I65/H65),0) -> 12.742135 | K65: =I65-F65 -> 165645.2 | L65: =(H65-E65)/1000 -> 12.45 | M65: - | O65: =K65/F65 -> 0.52700749 | P65: =L65/(E65/1000) -> 0.49371456 | R65: Ashish | T65: 779 | U65: 7641 | V65: =IFERROR((U65/T65),0) -> 9.8087291 | W65: =F65-U65 -> 306671.8 | X65: =W65/F65 -> 0.97568982
A66: CHIRANTANA_B2B | B66: New client (Jul'26) | C66: WAREIQ_B2B | D66: WAREIQ LOGISTICS PRIVATE LIMITED | E66: 4062 | F66: 65853.9 | G66: =IFERROR((F66/E66),0) -> 16.212186 | H66: 12993 | I66: 229525 | J66: =IFERROR((I66/H66),0) -> 17.665281 | K66: =I66-F66 -> 163671.1 | L66: =(H66-E66)/1000 -> 8.931 | M66: - | O66: =K66/F66 -> 2.4853668 | P66: =L66/(E66/1000) -> 2.1986706 | R66: Deepak | T66: 0 | U66: 0 | V66: =IFERROR((U66/T66),0) -> 0 | W66: =F66-U66 -> 65853.9 | X66: =W66/F66 -> 1
A67: CJ_DARCL_CERAGEM_B2B | B67: New client (Jun'26) | C67: AJANTA_SHOES_B2B | D67: AJANTA SHOES (INDIA) PRIVATE LIMITED | E67: 27195 | F67: 438514 | G67: =IFERROR((F67/E67),0) -> 16.124802 | H67: 47545 | I67: 594150 | J67: =IFERROR((I67/H67),0) -> 12.496582 | K67: =I67-F67 -> 155636 | L67: =(H67-E67)/1000 -> 20.35 | M67: - | O67: =K67/F67 -> 0.35491683 | P67: =L67/(E67/1000) -> 0.74829932 | R67: Deepak | T67: 0 | U67: 0 | V67: =IFERROR((U67/T67),0) -> 0 | W67: =F67-U67 -> 438514 | X67: =W67/F67 -> 1
A68: CLASSIC_DISPLAY_B2B | B68: New client (Aug'26) | C68: OM_SAI_B2B | D68: OM SAI CARGO CORPORATION | E68: 0 | F68: 0 | G68: =IFERROR((F68/E68),0) -> 0 | H68: 15095 | I68: 151869 | J68: =IFERROR((I68/H68),0) -> 10.060881 | K68: =I68-F68 -> 151869 | L68: =(H68-E68)/1000 -> 15.095 | M68: - | O68: =K68/F68 -> #DIV/0! | P68: =L68/(E68/1000) -> #DIV/0! | R68: Pratik
A69: COFFEE_B2B | B69: New client (May'26) | C69: GAARVI_B2B | D69: GAARVI TRADING COMPANY | E69: 5426 | F69: 48723.39 | G69: =IFERROR((F69/E69),0) -> 8.9796148 | H69: 16419 | I69: 200302 | J69: =IFERROR((I69/H69),0) -> 12.199403 | K69: =I69-F69 -> 151578.61 | L69: =(H69-E69)/1000 -> 10.993 | M69: - | O69: =K69/F69 -> 3.1110029 | P69: =L69/(E69/1000) -> 2.025986 | R69: Shekhar | T69: 0 | U69: 0 | V69: =IFERROR((U69/T69),0) -> 0 | W69: =F69-U69 -> 48723.39 | X69: =W69/F69 -> 1
A70: COSMOS_B2B | B70: New client (Jul'26) | C70: SV_INTERNATIONAL_B2B | D70: SV INTERNATIONAL | E70: 9350 | F70: 101273.6 | G70: =IFERROR((F70/E70),0) -> 10.831401 | H70: 24616 | I70: 252446 | J70: =IFERROR((I70/H70),0) -> 10.255362 | K70: =I70-F70 -> 151172.4 | L70: =(H70-E70)/1000 -> 15.266 | M70: - | O70: =K70/F70 -> 1.4927128 | P70: =L70/(E70/1000) -> 1.6327273 | R70: Sudhanshu
A71: CRAVE_B2B | B71: New client (Apr'26) | C71: KARMA_SILVERLIFE_B2B | D71: KARMA SILVERLIFE PRIVATE LIMITED | E71: 32915 | F71: 322877.8 | G71: =IFERROR((F71/E71),0) -> 9.8094425 | H71: 46618 | I71: 473577 | J71: =IFERROR((I71/H71),0) -> 10.158673 | K71: =I71-F71 -> 150699.2 | L71: =(H71-E71)/1000 -> 13.703 | M71: - | O71: =K71/F71 -> 0.46673757 | P71: =L71/(E71/1000) -> 0.41631475 | R71: Saud
A72: CREATIVE_B2B | B72: New client (Aug'26) | C72: SIXTH_SENSE_B2B | D72: SIXTH SENSE | E72: 0 | F72: 0 | G72: =IFERROR((F72/E72),0) -> 0 | H72: 12858 | I72: 149990 | J72: =IFERROR((I72/H72),0) -> 11.665111 | K72: =I72-F72 -> 149990 | L72: =(H72-E72)/1000 -> 12.858 | M72: - | O72: =K72/F72 -> #DIV/0! | P72: =L72/(E72/1000) -> #DIV/0! | R72: Balu
A73: CREATIVE_SHADOWS_B2B | B73: New client (jun'25) | C73: INNOVENT_B2B | D73: INNOVENT E-COM LLP | E73: 9229 | F73: 145321.3 | G73: =IFERROR((F73/E73),0) -> 15.746159 | H73: 17500 | I73: 287722 | J73: =IFERROR((I73/H73),0) -> 16.441257 | K73: =I73-F73 -> 142400.7 | L73: =(H73-E73)/1000 -> 8.271 | M73: - | O73: =K73/F73 -> 0.97990246 | P73: =L73/(E73/1000) -> 0.89619677 | R73: Deepak Jha | T73: 0 | U73: 364 | V73: =IFERROR((U73/T73),0) -> 0 | W73: =F73-U73 -> 144957.3 | X73: =W73/F73 -> 0.99749521 | Y73: top 20
A74: CREDO_B2B | B74: New client (Jul'26) | C74: LIVPURE_B2B | D74: LIVPURE SMART HOMES PRIVATE LIMITED | E74: 13568 | F74: 162311.5 | G74: =IFERROR((F74/E74),0) -> 11.962817 | H74: 26658 | I74: 303529 | J74: =IFERROR((I74/H74),0) -> 11.386038 | K74: =I74-F74 -> 141217.5 | L74: =(H74-E74)/1000 -> 13.09 | M74: - | O74: =K74/F74 -> 0.87004002 | P74: =L74/(E74/1000) -> 0.96477005 | R74: Pramod
A75: CULTSPORT_Haryana_B2B | B75: New client (Aug'26) | C75: MARKS&SPENCER_B2B | D75: MARKS AND SPENCER RELIANCE INDIA PRIVATE LIMITED | E75: 0 | F75: 0 | G75: =IFERROR((F75/E75),0) -> 0 | H75: 14211 | I75: 136955 | J75: =IFERROR((I75/H75),0) -> 9.6372528 | K75: =I75-F75 -> 136955 | L75: =(H75-E75)/1000 -> 14.211 | M75: - | O75: =K75/F75 -> #DIV/0! | P75: =L75/(E75/1000) -> #DIV/0! | R75: Rahul
A76: DABSTER_B2B | B76: New client (Mar'26) | C76: PANCHANAN_B2B | D76: PANCHANAN INTERNATIONAL PRIVATE LIMITED | E76: 10768 | F76: 141754.4 | G76: =IFERROR((F76/E76),0) -> 13.164413 | H76: 21671 | I76: 278140 | J76: =IFERROR((I76/H76),0) -> 12.834664 | K76: =I76-F76 -> 136385.6 | L76: =(H76-E76)/1000 -> 10.903 | M76: - | O76: =K76/F76 -> 0.96212604 | P76: =L76/(E76/1000) -> 1.0125371 | R76: Deepak Jha | T76: 0 | U76: 0 | V76: =IFERROR((U76/T76),0) -> 0 | W76: =F76-U76 -> 141754.4 | X76: =W76/F76 -> 1
A77: DALTON_B2B | B77: new client (Dec'25) | C77: OLBUIZ_B2B | D77: OLBUIZ LOGISTICS PRIVATE LIMITED | E77: 4001 | F77: 94223.38 | G77: =IFERROR((F77/E77),0) -> 23.549958 | H77: 8375 | I77: 228716 | J77: =IFERROR((I77/H77),0) -> 27.309373 | K77: =I77-F77 -> 134492.62 | L77: =(H77-E77)/1000 -> 4.374 | M77: - | O77: =K77/F77 -> 1.4273806 | P77: =L77/(E77/1000) -> 1.0932267 | R77: Deepak Jha
A78: Damensch_B2B | B78: New client (Nov'25) | C78: KP_LEATHER_B2B | D78: K.P. LEATHER ASSOCIATES | E78: 7913 | F78: 84229.53 | G78: =IFERROR((F78/E78),0) -> 10.64445 | H78: 17992 | I78: 218615 | J78: =IFERROR((I78/H78),0) -> 12.150678 | K78: =I78-F78 -> 134385.47 | L78: =(H78-E78)/1000 -> 10.079 | M78: - | O78: =K78/F78 -> 1.5954674 | P78: =L78/(E78/1000) -> 1.2737268 | R78: Deepak Jha
A79: DAS_FOODTECH_B2B | B79: - | C79: GlobalBees_B2B | D79: MERHAKI FOODS AND NUTRITION PRIVATE LIMITED | E79: 84723 | F79: 2196862 | G79: =IFERROR((F79/E79),0) -> 25.929936 | H79: 96311 | I79: 2327862 | J79: =IFERROR((I79/H79),0) -> 24.170261 | K79: =I79-F79 -> 131000 | L79: =(H79-E79)/1000 -> 11.588 | M79: - | O79: =K79/F79 -> 0.059630509 | P79: =L79/(E79/1000) -> 0.13677514 | R79: Harisha | T79: 0 | U79: 0 | V79: =IFERROR((U79/T79),0) -> 0 | W79: =F79-U79 -> 2196862 | X79: =W79/F79 -> 1
A80: DELNET_CONNECT_B2B | B80: New client (Aug'26) | C80: BANDHAN_BANK_B2B | D80: BANDHAN BANK LIMITED | E80: 0 | F80: 0 | G80: =IFERROR((F80/E80),0) -> 0 | H80: 3038 | I80: 129915 | J80: =IFERROR((I80/H80),0) -> 42.763331 | K80: =I80-F80 -> 129915 | L80: =(H80-E80)/1000 -> 3.038 | M80: - | O80: =K80/F80 -> #DIV/0! | P80: =L80/(E80/1000) -> #DIV/0! | R80: Pallavi | T80: 0 | U80: 0 | V80: =IFERROR((U80/T80),0) -> 0 | W80: =F80-U80 -> 0 | X80: =W80/F80 -> #DIV/0!
A81: DEVYSUN_B2B | B81: - | C81: SEA_TURTLE_B2B | D81: SEA TURTLE PRIVATE LIMITED | E81: 0 | F81: 0 | G81: =IFERROR((F81/E81),0) -> 0 | H81: 9480 | I81: 128168 | J81: =IFERROR((I81/H81),0) -> 13.519831 | K81: =I81-F81 -> 128168 | L81: =(H81-E81)/1000 -> 9.48 | M81: - | O81: =K81/F81 -> #DIV/0! | P81: =L81/(E81/1000) -> #DIV/0! | R81: Gaurav Narayan
A82: DHANASHREE_B2B | B82: New client (May'26) | C82: RUPA_COMPANY_B2B | D82: RUPA & COMPANY LIMITED | E82: 67321 | F82: 870042.7 | G82: =IFERROR((F82/E82),0) -> 12.923793 | H82: 89934 | I82: 997852 | J82: =IFERROR((I82/H82),0) -> 11.095381 | K82: =I82-F82 -> 127809.3 | L82: =(H82-E82)/1000 -> 22.613 | M82: - | O82: =K82/F82 -> 0.14690003 | P82: =L82/(E82/1000) -> 0.33589816 | R82: Pallavi | T82: 0 | U82: 0 | V82: =IFERROR((U82/T82),0) -> 0 | W82: =F82-U82 -> 870042.7 | X82: =W82/F82 -> 1
A83: Dollar_B2B | B83: New client (May'26) | C83: GALA_B2B | D83: FREUDENBERG GALA HOUSEHOLD PRODUCT PRIVATE LIMITED | E83: 87639 | F83: 1371129 | G83: =IFERROR((F83/E83),0) -> 15.645192 | H83: 103418 | I83: 1495772 | J83: =IFERROR((I83/H83),0) -> 14.463362 | K83: =I83-F83 -> 124643 | L83: =(H83-E83)/1000 -> 15.779 | M83: - | O83: =K83/F83 -> 0.090905378 | P83: =L83/(E83/1000) -> 0.18004541 | R83: Pooja | T83: 2152 | U83: 35588 | V83: =IFERROR((U83/T83),0) -> 16.537175 | W83: =F83-U83 -> 1335541 | X83: =W83/F83 -> 0.97404475
A84: DSR_FREIGHT_B2B | B84: New client (Jun'26) | C84: ROMSONS_PRIME_B2B | D84: ROMSONS PRIME PRIVATE LIMITED | E84: 4797 | F84: 89907.5 | G84: =IFERROR((F84/E84),0) -> 18.742443 | H84: 20007 | I84: 212914 | J84: =IFERROR((I84/H84),0) -> 10.641975 | K84: =I84-F84 -> 123006.5 | L84: =(H84-E84)/1000 -> 15.21 | M84: - | O84: =K84/F84 -> 1.368145 | P84: =L84/(E84/1000) -> 3.1707317 | R84: Pallavi | T84: 0 | U84: 0 | V84: =IFERROR((U84/T84),0) -> 0 | W84: =F84-U84 -> 89907.5 | X84: =W84/F84 -> 1
A85: DUKE_FASHIONS_B2B | B85: New client (May'26) | C85: GLS_FILMS_B2B | D85: GLS FILMS INDUSTRIES PRIVATE LIMITED | E85: 17506 | F85: 105313.5 | G85: =IFERROR((F85/E85),0) -> 6.0158517 | H85: 36244 | I85: 227479 | J85: =IFERROR((I85/H85),0) -> 6.2763216 | K85: =I85-F85 -> 122165.5 | L85: =(H85-E85)/1000 -> 18.738 | M85: - | O85: =K85/F85 -> 1.1600175 | P85: =L85/(E85/1000) -> 1.0703759 | R85: Rahul | T85: 4039 | U85: 54471 | V85: =IFERROR((U85/T85),0) -> 13.486259 | W85: =F85-U85 -> 50842.5 | X85: =W85/F85 -> 0.48277286
A86: DVC_EXPRESS_B2B | B86: New client (Jul'26) | C86: TAPI_FRUIT_B2B | D86: TAPI FRUIT PROCESSING LIMITED | E86: 18094 | F86: 180626.5 | G86: =IFERROR((F86/E86),0) -> 9.9826738 | H86: 27222 | I86: 299954 | J86: =IFERROR((I86/H86),0) -> 11.018808 | K86: =I86-F86 -> 119327.5 | L86: =(H86-E86)/1000 -> 9.128 | M86: - | O86: =K86/F86 -> 0.66063119 | P86: =L86/(E86/1000) -> 0.50447662 | R86: Soumya | T86: 2021 | U86: 21869 | V86: =IFERROR((U86/T86),0) -> 10.820881 | W86: =F86-U86 -> 158757.5 | X86: =W86/F86 -> 0.87892696 | Y86: Near churn
A87: EASTERN_COTTAGE_B2B | B87: New client (Aug'26) | C87: Shree_International_B2B | D87: SHREE INTERNATIONAL COURIER AND CARGO SERVICES | E87: 0 | F87: 0 | G87: =IFERROR((F87/E87),0) -> 0 | H87: 14463 | I87: 112302 | J87: =IFERROR((I87/H87),0) -> 7.7647791 | K87: =I87-F87 -> 112302 | L87: =(H87-E87)/1000 -> 14.463 | M87: - | O87: =K87/F87 -> #DIV/0! | P87: =L87/(E87/1000) -> #DIV/0! | R87: Arun | T87: 67477 | U87: 648628 | V87: =IFERROR((U87/T87),0) -> 9.6125791 | W87: =F87-U87 -> -648628 | X87: =W87/F87 -> #DIV/0! | Y87: top 20
A88: EASYNXT_B2B | B88: New client (Aug'26) | C88: UNIVERSAL_B2B | D88: UNIVERSAL CORPORATION LIMITED | E88: 0 | F88: 0 | G88: =IFERROR((F88/E88),0) -> 0 | H88: 12418 | I88: 111828 | J88: =IFERROR((I88/H88),0) -> 9.0053149 | K88: =I88-F88 -> 111828 | L88: =(H88-E88)/1000 -> 12.418 | M88: - | O88: =K88/F88 -> #DIV/0! | P88: =L88/(E88/1000) -> #DIV/0! | R88: Saud | T88: 26984 | U88: 578485 | V88: =IFERROR((U88/T88),0) -> 21.438074 | W88: =F88-U88 -> -578485 | X88: =W88/F88 -> #DIV/0!
A89: Echelon_B2B | B89: New client (jun'25) | C89: Snapin_B2B | D89: DUVAL ENTERPRISES PRIVATE LIMITED | E89: 12957 | F89: 262593.5 | G89: =IFERROR((F89/E89),0) -> 20.266535 | H89: 25072 | I89: 371248 | J89: =IFERROR((I89/H89),0) -> 14.807275 | K89: =I89-F89 -> 108654.5 | L89: =(H89-E89)/1000 -> 12.115 | M89: - | O89: =K89/F89 -> 0.41377452 | P89: =L89/(E89/1000) -> 0.93501582 | R89: Pratik | T89: 0 | U89: 0 | V89: =IFERROR((U89/T89),0) -> 0 | W89: =F89-U89 -> 262593.5 | X89: =W89/F89 -> 1
A90: ECOVERVA_B2B | B90: New client (Aug'26) | C90: YORK_B2B | D90: YORK PRINT PRIVATE LIMITED | E90: 0 | F90: 0 | G90: =IFERROR((F90/E90),0) -> 0 | H90: 10019 | I90: 106697 | J90: =IFERROR((I90/H90),0) -> 10.649466 | K90: =I90-F90 -> 106697 | L90: =(H90-E90)/1000 -> 10.019 | M90: - | O90: =K90/F90 -> #DIV/0! | P90: =L90/(E90/1000) -> #DIV/0! | R90: Preetam | T90: 1729 | U90: 23226 | V90: =IFERROR((U90/T90),0) -> 13.433198 | W90: =F90-U90 -> -23226 | X90: =W90/F90 -> #DIV/0!
A91: EurekaForbes_B2B | B91: New client (May'26) | C91: DHANASHREE_B2B | D91: DHANASHREE ELECTRONICS LTD. | E91: 23959 | F91: 229020.4 | G91: =IFERROR((F91/E91),0) -> 9.5588464 | H91: 38417 | I91: 335543 | J91: =IFERROR((I91/H91),0) -> 8.7342322 | K91: =I91-F91 -> 106522.6 | L91: =(H91-E91)/1000 -> 14.458 | M91: - | O91: =K91/F91 -> 0.46512276 | P91: =L91/(E91/1000) -> 0.60344756 | R91: Arka
A92: EXYTE_B2B | B92: New client (Jul'26) | C92: LINC_ON_B2B | D92: LINC ON ECOMMERCE PRIVATE LIMITED | E92: 1421 | F92: 23274.05 | G92: =IFERROR((F92/E92),0) -> 16.378642 | H92: 8931 | I92: 128779 | J92: =IFERROR((I92/H92),0) -> 14.419326 | K92: =I92-F92 -> 105504.95 | L92: =(H92-E92)/1000 -> 7.51 | M92: - | O92: =K92/F92 -> 4.5331582 | P92: =L92/(E92/1000) -> 5.2850106 | R92: Arka | T92: 25569 | U92: 214364 | V92: =IFERROR((U92/T92),0) -> 8.3837459 | W92: =F92-U92 -> -191089.95 | X92: =W92/F92 -> -8.2104296
A93: EZYII_EXIM_B2B | B93: New client (May'26) | C93: DELNET_CONNECT_B2B | D93: DELNET CONNECT LLP | E93: 2487 | F93: 24568.63 | G93: =IFERROR((F93/E93),0) -> 9.8788219 | H93: 9910 | I93: 129976 | J93: =IFERROR((I93/H93),0) -> 13.115641 | K93: =I93-F93 -> 105407.37 | L93: =(H93-E93)/1000 -> 7.423 | M93: - | O93: =K93/F93 -> 4.2903235 | P93: =L93/(E93/1000) -> 2.9847205 | R93: Ashish | T93: 0 | U93: 0 | V93: =IFERROR((U93/T93),0) -> 0 | W93: =F93-U93 -> 24568.63 | X93: =W93/F93 -> 1
A94: FABHR_B2B | B94: New client (Aug'26) | C94: OLIVEWARE_B2B | D94: SPEEDEX OVERSEAS PVT LTD | E94: 0 | F94: 0 | G94: =IFERROR((F94/E94),0) -> 0 | H94: 11153 | I94: 104909 | J94: =IFERROR((I94/H94),0) -> 9.4063481 | K94: =I94-F94 -> 104909 | L94: =(H94-E94)/1000 -> 11.153 | M94: - | O94: =K94/F94 -> #DIV/0! | P94: =L94/(E94/1000) -> #DIV/0! | R94: Sudhanshu
A95: FABIANO_B2B | B95: New client (Mar'26) | C95: EurekaForbes_Bangalore_B2B | D95: EUREKA FORBES LIMITED | E95: 249390 | F95: 2699664 | G95: =IFERROR((F95/E95),0) -> 10.825069 | H95: 252306 | I95: 2802137 | J95: =IFERROR((I95/H95),0) -> 11.106105 | K95: =I95-F95 -> 102473 | L95: =(H95-E95)/1000 -> 2.916 | M95: - | O95: =K95/F95 -> 0.037957687 | P95: =L95/(E95/1000) -> 0.01169253 | R95: Harisha
A96: FAMOUS_ROADLINES_B2B | B96: New client (May'26) | C96: LADHURAM_B2B | D96: LADHURAM TOSHNIWAL AND SONS ELECTRICALS PRIVATE LI | E96: 6546 | F96: 62128.2 | G96: =IFERROR((F96/E96),0) -> 9.4910174 | H96: 15898 | I96: 163292 | J96: =IFERROR((I96/H96),0) -> 10.271229 | K96: =I96-F96 -> 101163.8 | L96: =(H96-E96)/1000 -> 9.352 | M96: - | O96: =K96/F96 -> 1.6283073 | P96: =L96/(E96/1000) -> 1.4286587 | R96: Arka
A97: FASHORLIFESTYLE_B2B | B97: New client (Jul'26) | C97: TEJ_EXPRESS_B2B | D97: TEJ EXPRESS SERVICES | E97: 5862 | F97: 78351.04 | G97: =IFERROR((F97/E97),0) -> 13.365923 | H97: 11471 | I97: 178550 | J97: =IFERROR((I97/H97),0) -> 15.565339 | K97: =I97-F97 -> 100198.96 | L97: =(H97-E97)/1000 -> 5.609 | M97: - | O97: =K97/F97 -> 1.2788466 | P97: =L97/(E97/1000) -> 0.95684067 | R97: Pratik | T97: 0 | U97: 0 | V97: =IFERROR((U97/T97),0) -> 0 | W97: =F97-U97 -> 78351.04 | X97: =W97/F97 -> 1
A98: FIXFEELS_B2B | B98: New client (Jul'26) | C98: HEALTHIUM_B2B | D98: HEALTHIUM MEDTECH LIMITED | E98: 4681 | F98: 47325.22 | G98: =IFERROR((F98/E98),0) -> 10.110066 | H98: 16646 | I98: 147135 | J98: =IFERROR((I98/H98),0) -> 8.8390604 | K98: =I98-F98 -> 99809.78 | L98: =(H98-E98)/1000 -> 11.965 | M98: - | O98: =K98/F98 -> 2.1090188 | P98: =L98/(E98/1000) -> 2.5560778 | R98: balu | T98: 38360 | U98: 435362 | V98: =IFERROR((U98/T98),0) -> 11.349374 | W98: =F98-U98 -> -388036.78 | X98: =W98/F98 -> -8.1993656
A99: FLEXI_GO_B2B | B99: - | C99: PARCELIT_B2B | D99: PARCELIT SUPPLY CHAIN SOLUTIONS PRIVATE LIMITED | E99: 4397 | F99: 59763.8 | G99: =IFERROR((F99/E99),0) -> 13.591949 | H99: 12279 | I99: 158982 | J99: =IFERROR((I99/H99),0) -> 12.947471 | K99: =I99-F99 -> 99218.2 | L99: =(H99-E99)/1000 -> 7.882 | M99: - | O99: =K99/F99 -> 1.6601722 | P99: =L99/(E99/1000) -> 1.7925859 | R99: Deepak Jha | T99: 21083 | U99: 332874 | V99: =IFERROR((U99/T99),0) -> 15.78874 | W99: =F99-U99 -> -273110.2 | X99: =W99/F99 -> -4.5698266
A100: Fortune_Marketing_B2B | B100: New client (May'26) | C100: THE_EARTH_B2B | D100: THE EARTH STORE | E100: 11534 | F100: 155585.2 | G100: =IFERROR((F100/E100),0) -> 13.489267 | H100: 18310 | I100: 254344 | J100: =IFERROR((I100/H100),0) -> 13.890989 | K100: =I100-F100 -> 98758.8 | L100: =(H100-E100)/1000 -> 6.776 | M100: - | O100: =K100/F100 -> 0.63475703 | P100: =L100/(E100/1000) -> 0.58748049 | R100: Pramod | T100: 0 | U100: 0 | V100: =IFERROR((U100/T100),0) -> 0 | W100: =F100-U100 -> 155585.2 | X100: =W100/F100 -> 1
...

Sheet Sheet1

Sheet master
J1: 10-07-202612:15 | K1: Live | L1: code | M1: Client | N1: kam
B2: Bill to Business | C2: Legal Name | D2: onboarding month | E2: BD | F2: KAM | G2: Region | K2: New client (May'26) | L2: MANASH_AD_B2B | M2: MANASH LIFESTYLE PRIVATE LIMITED | N2: Avinash
B3: 1MG_B2B | C3: TATA 1MG HEALTHCARE SOLUTIONS PRIVATE LIMITED | D3: New client (Mar'26) | E3: Avinash | F3: Avinash | G3: North | K3: New client (Jun'26) | L3: VIP_B2B | M3: VIP INDUSTRIES LIMITED | N3: Saud
B4: 4TH_PHARMA_B2B | C4: 4THD PHARMA PRIVATE LIMITED | D4: New client (Mar'26) | E4: Rahul | F4: Rahul | G4: North | K4: New client (jun'25) | L4: PUREPLAY_B2B | M4: PUREPLAY SKIN SCIENCES (INDIA) PRIVATE LIMITED | N4: Pratik
B5: 6HEIGHT_B2B | C5: 6HEIGHT TRANS SOLUTIONS PRIVATE LIMITED | D5: New client (Nov'25) | E5: Pramod | F5: Pramod | G5: North | K5: - | L5: PICKRR_B2B | M5: Pickrr Technologies Private Limited | N5: Amit
B6: AADI_SHAKTI_B2B | C6: AADI SHAKTI ENTERPRISES | D6: New client (Jun'26) | E6: Sanchit | F6: Sanchit | G6: North | K6: New (Aug) | L6: AbrosSports_B2B | M6: ABROS SPORTS INTERNATIONAL PRIVATE LIMITED | N6: Vandana
B7: AAJ_ENTERPRISES_B2B | C7: AAJ SUPPLY CHAIN MANAGEMENT PRIVATE LIMITED | D7: New(Jan) | E7: Deepika | F7: Avinash | G7: North | K7: New (Aug) | L7: ATMOS_CARE_B2B | M7: ATMOS CARE PRIVATE LIMITED | N7: Deepak
B8: AANSWR_FASHION_B2B | C8: AANSWR FASHION PRIVATE LIMITED | D8: New client (Apr'26) | E8: Deepak | F8: Deepak | G8: South | K8: New client (Jun'26) | L8: MEDITREE_AMD_B2B | M8: MEDITREE LIFECARE LLP | N8: Shekhar
B9: ABHAY_TECHNO_B2B | C9: ABHAY TECHNO SERVICES PRIVATE LIMITED | D9: New client (Jan'26) | E9: Aman | F9: Aman | G9: North | K9: - | L9: LIGHTHOUSE_B2B | M9: Lighthouse Learning Private Limited | N9: Harshith S
B10: AbrosSports_B2B | C10: ABROS SPORTS INTERNATIONAL PRIVATE LIMITED | D10: New (Aug) | E10: Mohit | F10: Vandana | G10: North | K10: New client (Jun'26) | L10: NURECA_LIMITED_B2B | M10: NURECA LIMITED | N10: Raj Kamal
B11: ACCUMAX_LAB_B2B | C11: ACCUMAX LAB DEVICES PRIVATE LIMITED | D11: New client (Jun'26) | E11: Soumya | F11: Soumya | G11: West | K11: New client (Feb'26) | L11: SHREE_KARNI_B2B | M11: SHREE KARNI KRIPAA ENTERPRISES | N11: Pooja
B12: ACEFOUR_ACCESSORIES_B2B | C12: ACEFOUR ACCESSORIES PRIVATE LIMITED | D12: New(Jan) | E12: Gaurav Narayan | F12: Pratik | G12: West | K12: - | L12: GlobalBees_B2B | M12: MERHAKI FOODS AND NUTRITION PRIVATE LIMITED | N12: Amit
B13: Adidas_B2B | C13: ADIDAS INDIA MARKETING PRIVATE LIMITED | D13: New client (Jan'26) | E13: Tasleem | F13: Avinash | G13: North | K13: New client (Jun'26) | L13: B_VISHAL_CORP_B2B | M13: B. VISHAL CORPORATION | N13: Pratik
... B403: ZIVORE_B2B | C403: ZIVORE APPAREL PRIVATE LIMITED | D403: New client (May'26) | E403: Sanchit | F403: Sanchit | G403: North | K403: revival (Jun'26) | L403: vanheusen_NEL_B2B | M403: ADITYA BIRLA LIFESTYLE BRANDS LIMITED | N403: Harisha
K404: New client (May'26) | L404: KEVA_KAIPO_B2B | M404: KEVA KAIPO INDUSTRIES PRIVATE LIMITED | N404: Raj Kamal
K405: new client (Dec'25) | L405: CREATIVE_B2B | M405: CREATIVE GALILEO EDTECH PRIVATE LIMITED | N405: Deepak Jha
K406: New client (April26) | L406: KUMAR_CAR_BANGALORE_B2B | M406: C TRACK AUTO INDUSTRIES | N406: Anbu
K407: new client(march'25) | L407: MANGLA_B2B | M407: MANGLA APPARELS INDIA PRIVATE LIMITED | N407: Tasleem
K408: New client (Feb'26) | L408: TRADE_FT_B2B | M408: TradeFT Enterprises | N408: Deepak Jha
K409: New client (Jun'26) | L409: NUMAX_ENERGY_B2B | M409: NUMAX ENERGY SOLUTIONS | N409: Subhash
K410: New client (Oct'25) | L410: HK_DATA_B2B | M410: H K DATA SERVICES PRIVATE LIMITED | N410: Pratik
K411: New client (Jan'26) | L411: ABHAY_TECHNO_B2B | M411: ABHAY TECHNO SERVICES PRIVATE LIMITED | N411: Deepak Jha
K412: New client (Jan'26) | L412: KOMFORT_B2B | M412: KOMFORT CREATIONS | N412: Deepak Jha
K413: New may'25 | L413: HANDY_HOME_B2B | M413: HANDY HOME SOLUTIONS PRIVATE LIMITED | N413: Deepak Jha
K414: New client (Jun'26) | L414: RISO_B2B | M414: RISO INDIA PRIVATE LIMITED | N414: Pramod
K415: New(Feb) | L415: GLADPACK_B2B | M415: GLADPACK | N415: Deepak Jha
... K422: New client (Apr'26) | L422: LINC_PEN_B2B | M422: LINC LIMITED | N422: Pallavi

Sheet MAPPING
E1: For Apr file
C2: MAPPED CODE | D2: Client | F2: MAPPED CODE | G2: Client | K2: Client code | L2: Client name | M2: Launch year | N2: kam | X2: code | Y2: Client | Z2: Aug Final chargeable weight | AA2: Aug Total Revenue
C3: PICKRR_B2B | D3: PICKRR TECHNOLOGIES PVT LTD | F3: PICKRR_B2B | G3: PICKRR TECHNOLOGIES PVT LTD | K3: Raymond_Ltd_B2B | L3: RAYMOND LIFESTYLE LIMITED | M3: - | N3: Vandana | X3: =_xlfn.XLOOKUP(Y3,master!M:M,master!L:L) -> MANASH_AD_B2B | Y3: MANASH LIFESTYLE PRIVATE LIMITED | Z3: 500465 | AA3: 5320500 | AB3: =COUNTIFS(Base!$C:$C,MAPPING!X3) -> 1
C4: Signify_Innovations_B2B | D4: SIGNIFY INNOVATIONS INDIA LIMITED | F4: Signify_Innovations_B2B | G4: SIGNIFY INNOVATIONS INDIA LIMITED | K4: School_shop_B2B | L4: SCHOOL SHOP PRIVATE LIMITED | M4: - | N4: Balu | X4: =_xlfn.XLOOKUP(Y4,master!M:M,master!L:L) -> Raymond_Home_Ltd_B2B | Y4: RAYMOND LIFESTYLE LIMITED | Z4: 361749 | AA4: 12830806 | AB4: =COUNTIFS(Base!$C:$C,MAPPING!X4) -> 1
C5: GodrejBoyce_B2B | D5: GODREJ AND BOYCE MGF CO LIMITED | F5: GodrejBoyce_B2B | G5: GODREJ AND BOYCE MGF CO LIMITED | K5: OLA_B2B | L5: Ola Electric Technologies Private Limited | M5: New client (Jan'26) | N5: Balu | X5: =_xlfn.XLOOKUP(Y5,master!M:M,master!L:L) -> AbrosSports_B2B | Y5: ABROS SPORTS INTERNATIONAL PRIVATE LIMITED | Z5: 119504 | AA5: 3663682 | AB5: =COUNTIFS(Base!$C:$C,MAPPING!X5) -> 1
C6: GlobalBees_B2B | D6: MERHAKI FOODS AND NUTRITION PRIVATE LIMITED | F6: GlobalBees_B2B | G6: MERHAKI FOODS AND NUTRITION PRIVATE LIMITED | K6: AbrosSports_B2B | L6: ABROS SPORTS INTERNATIONAL PRIVATE LIMITED | M6: New (Aug) | N6: Vandana | X6: =_xlfn.XLOOKUP(Y6,master!M:M,master!L:L) -> OLA_B2B | Y6: OLA ELECTRIC TECHNOLOGIES PRIVATE LIMITED | Z6: 373314 | AA6: 4754392 | AB6: =COUNTIFS(Base!$C:$C,MAPPING!X6) -> 1
C7: AbrosSports_B2B | D7: ABROS SPORTS INTERNATIONAL PRIVATE LIMITED | F7: AbrosSports_B2B | G7: ABROS SPORTS INTERNATIONAL PRIVATE LIMITED | K7: Yolojet_Internet_Services_Private_Limited_B2B | L7: Yolojet Internet Services Private Limited | M7: New(dec) | N7: Deepak | X7: =_xlfn.XLOOKUP(Y7,master!M:M,master!L:L) -> CULTSPORT_B2B | Y7: CULTSPORT PRIVATE LIMITED | Z7: 194635 | AA7: 3174783 | AB7: =COUNTIFS(Base!$C:$C,MAPPING!X7) -> 1
C8: Adityabirlafashion_b2b | D8: ADITYA BIRLA FASHION AND RETAIL LIMITED | F8: Adityabirlafashion_b2b | G8: ADITYA BIRLA FASHION AND RETAIL LIMITED | K8: CULTSPORT_B2B | L8: CULTSPORT PRIVATE LIMITED | M8: New client (Aug'25) | N8: Balu | X8: =_xlfn.XLOOKUP(Y8,master!M:M,master!L:L) -> PICKRR_B2B | Y8: Pickrr Technologies Private Limited | Z8: 359571 | AA8: 4212428 | AB8: =COUNTIFS(Base!$C:$C,MAPPING!X8) -> 1
C9: Trumove_B2B | D9: TRUMOVE SERVICES PRIVATE LIMITED | F9: Trumove_B2B | G9: TRUMOVE SERVICES PRIVATE LIMITED | K9: Apollosupplychain_B2B | L9: Apollo Supply Chain Private Limited | M9: - | N9: Aman | X9: =_xlfn.XLOOKUP(Y9,master!M:M,master!L:L) -> Adidas_B2B | Y9: ADIDAS INDIA MARKETING PRIVATE LIMITED | Z9: 168603 | AA9: 2836295 | AB9: =COUNTIFS(Base!$C:$C,MAPPING!X9) -> 1
C10: REDTAPE_B2B | D10: REDTAPE LIMITED | F10: REDTAPE_B2B | G10: REDTAPE LIMITED | K10: MANASH_B2B | L10: MANASH LIFESTYLE PRIVATE LIMITED | M10: New client (May'26) | N10: Avinash | X10: =_xlfn.XLOOKUP(Y10,master!M:M,master!L:L) -> PUMA_SPORT_B2B | Y10: PUMA SPORTS INDIA PRIVATE LIMITED | Z10: 785133 | AA10: 5943354 | AB10: =COUNTIFS(Base!$C:$C,MAPPING!X10) -> 1
C11: Raymond_Ltd_B2B | D11: Raymond Limited | F11: Raymond_Ltd_B2B | G11: Raymond Limited | K11: Micro_Footwear_B2B | L11: MICRO FOOTWEARS PVT. LTD | M11: New(Jan) | N11: Vandana | X11: =_xlfn.XLOOKUP(Y11,master!M:M,master!L:L) -> BENETTON_B2B | Y11: BENETTON INDIA PRIVATE LIMITED | Z11: 177778 | AA11: 2083204 | AB11: =COUNTIFS(Base!$C:$C,MAPPING!X11) -> 1
C12: Bright_Lifecare_B2B | D12: BRIGHT LIFECARE PRIVATE LIMITED | F12: Bright_Lifecare_B2B | G12: BRIGHT LIFECARE PRIVATE LIMITED | K12: Himalaya_RM_B2B | L12: HIMALAYA WELLNESS COMPANY | M12: - | N12: Balu | X12: =_xlfn.XLOOKUP(Y12,master!M:M,master!L:L) -> Yolojet_Internet_Services_Private_Limited_B2B | Y12: Yolojet Internet Services Private Limited | Z12: 185286 | AA12: 2899188 | AB12: =COUNTIFS(Base!$C:$C,MAPPING!X12) -> 1
C13: PUMA_SPORT_B2B | D13: PUMA SPORTS INDIA PRIVATE LIMITED | F13: PUMA_SPORT_B2B | G13: PUMA SPORTS INDIA PRIVATE LIMITED | K13: Modenik_ecom_B2B | L13: MODENIK LIFESTYLE PRIVATE LIMITED | M13: - | N13: Balu | X13: =_xlfn.XLOOKUP(Y13,master!M:M,master!L:L) -> Apollosupplychain_B2B | Y13: Apollo Supply Chain Private Limited | Z13: 156265 | AA13: 2435105 | AB13: =COUNTIFS(Base!$C:$C,MAPPING!X13) -> 1
C14: Prozo_Distribution_B2B | D14: Prozo Distribution Private Limited | F14: Prozo_Distribution_B2B | G14: Prozo Distribution Private Limited | K14: GodrejBoyce_B2B | L14: GODREJ AND BOYCE MANUFACTURING CO LTD. | M14: - | N14: Amit | X14: =_xlfn.XLOOKUP(Y14,master!M:M,master!L:L) -> EurekaForbes_Bangalore_B2B | Y14: EUREKA FORBES LIMITED | Z14: 252306 | AA14: 2802137 | AB14: =COUNTIFS(Base!$C:$C,MAPPING!X14) -> 1
... C44: Icarry_B2B | D44: ICARRY TECHNOLOGIES PRIVATE LIMITED | F44: Icarry_B2B | G44: ICARRY TECHNOLOGIES PRIVATE LIMITED | K44: ACEFOUR_ACCESSORIES_B2B | L44: ACEFOUR ACCESSORIES PRIVATE LIMITED | M44: New(Jan) | N44: Pratik | X44: =_xlfn.XLOOKUP(Y44,master!M:M,master!L:L) -> JINDAL_B2B | Y44: JINDAL FINE INDUSTRIES | Z44: 42986 | AA44: 814335 | AB44: =COUNTIFS(Base!$C:$C,MAPPING!X44) -> 1
C45: Shippingimperio_B2B | D45: SHIPPING IMPERIO PRIVATE LIMITED | F45: Shippingimperio_B2B | G45: SHIPPING IMPERIO PRIVATE LIMITED | K45: MIDLINKERZ_B2B | L45: MIDLINKERZ PRIVATE LIMITED | M45: New(dec) | N45: Tasleem | X45: =_xlfn.XLOOKUP(Y45,[1]rpk!$B:$B,[1]rpk!$A:$A) -> METRO_RETAIL_B2B | Y45: METRO RETAIL PRIVATE LIMITED | Z45: 126179 | AA45: 1222905 | AB45: =COUNTIFS(Base!$C:$C,MAPPING!X45) -> 1
C46: TRANSLOGICS_SOLUTIONS_B2B | D46: TRANSLOGICS SOLUTIONS | F46: TRANSLOGICS_SOLUTIONS_B2B | G46: TRANSLOGICS SOLUTIONS | K46: Globate_360_B2B | L46: GLOBATE 360 SOLUTIONS PRIVATE LIMITED | M46: New(Jan) | N46: Deepika | X46: =_xlfn.XLOOKUP(Y46,master!M:M,master!L:L) -> FAMOUS_ROADLINES_B2B | Y46: FAMOUS ROADLINES | Z46: 29323 | AA46: 328481 | AB46: =COUNTIFS(Base!$C:$C,MAPPING!X46) -> 1
C47: Globate_360_B2B | D47: Globate 360 Solutions pvt ltd | F47: Globate_360_B2B | G47: Globate 360 Solutions pvt ltd | K47: AGILITAS_B2B | L47: AGILITAS BRANDS PRIVATE LIMITED | M47: - | N47: Deepak | X47: =_xlfn.XLOOKUP(Y47,master!M:M,master!L:L) -> RUPA_COMPANY_B2B | Y47: RUPA & COMPANY LIMITED | Z47: 89934 | AA47: 997852 | AB47: =COUNTIFS(Base!$C:$C,MAPPING!X47) -> 1
C48: Palred_Electronics_B2B | D48: PALRED ELECTRONICS PRIVATE LIMITED | F48: Palred_Electronics_B2B | G48: PALRED ELECTRONICS PRIVATE LIMITED | K48: Raymond_Home_Ltd_B2B | L48: RAYMOND LIFESTYLE LIMITED | M48: - | N48: Vandana | X48: =_xlfn.XLOOKUP(Y48,master!M:M,master!L:L) -> MIDLINKERZ_B2B | Y48: MIDLINKERZ PRIVATE LIMITED | Z48: 45480 | AA48: 916431 | AB48: =COUNTIFS(Base!$C:$C,MAPPING!X48) -> 1
C49: Kutchina_B2B | D49: KUTCHINA HOME MAKERS PRIVATE LIMITED | F49: Kutchina_B2B | G49: KUTCHINA HOME MAKERS PRIVATE LIMITED | K49: TECH_ALMOND_B2B | L49: TECH ALMOND SOLUTIONS PRIVATE LIMITED | M49: New client (Apr'26) | N49: Aman | X49: =_xlfn.XLOOKUP(Y49,master!M:M,master!L:L) -> RASHI_PERIPHERALS_B2B | Y49: RASHI PERIPHERALS LIMITED | Z49: 37434 | AA49: 473403 | AB49: =COUNTIFS(Base!$C:$C,MAPPING!X49) -> 1
C50: Happilo_B2B | D50: HAPPILO INTERNATIONAL | F50: Happilo_B2B | G50: HAPPILO INTERNATIONAL | K50: Adidas_B2B | L50: ADIDAS INDIA MARKETING PRIVATE LIMITED | M50: New client (Jan'26) | N50: Avinash | X50: =_xlfn.XLOOKUP(Y50,master!M:M,master!L:L) -> Bolasagro_B2B | Y50: BOLAS AGRO PRIVATE LIMITED | Z50: 65195 | AA50: 854305 | AB50: =COUNTIFS(Base!$C:$C,MAPPING!X50) -> 1
C51: BathlaAluminum_B2B | D51: BATHLA ALUMINIUM PVT LTD | F51: BathlaAluminum_B2B | G51: BATHLA ALUMINIUM PVT LTD | K51: REDTAPE_B2B | L51: REDTAPE LIMITED | M51: - | N51: Avinash | X51: =_xlfn.XLOOKUP(Y51,master!M:M,master!L:L) -> Globate_360_B2B | Y51: GLOBATE 360 SOLUTIONS PRIVATE LIMITED | Z51: 7417 | AA51: 97958 | AB51: =COUNTIFS(Base!$C:$C,MAPPING!X51) -> 1
C52: Street Nine_b2b | D52: STREET NINE FASHIONS PRIVATE LIMITED | F52: Street Nine_b2b | G52: STREET NINE FASHIONS PRIVATE LIMITED | K52: ITHINK_LOGISTIC_B2B | L52: ITHINK LOGISTIC QUICK SERVICES PRIVATE LIMITED | M52: New client (July'25) | N52: pradeep | X52: =_xlfn.XLOOKUP(Y52,master!M:M,master!L:L) -> Indian_Terrain_B2B | Y52: INDIAN TERRAIN FASHIONS LIMITED | Z52: 62713 | AA52: 924968 | AB52: =COUNTIFS(Base!$C:$C,MAPPING!X52) -> 1
C53: NIRVAANIC_B2B | D53: NIRVAANIC LIFE FOODS PRIVATE LIMITED | F53: NIRVAANIC_B2B | G53: NIRVAANIC LIFE FOODS PRIVATE LIMITED | K53: HONASA_B2B | L53: HONASA CONSUMER LIMITED | M53: New client (Feb'26) | N53: Aman | X53: =_xlfn.XLOOKUP(Y53,master!M:M,master!L:L) -> URBAN_STAR_6_B2B | Y53: URBAN STAR GLOBAL SERVICES PRIVATE LIMITED | Z53: 14653 | AA53: 227377 | AB53: =COUNTIFS(Base!$C:$C,MAPPING!X53) -> 1
C54: ACEFOUR_ACCESSORIES_B2B | D54: ACEFOUR ACCESSORIES PRIVATE LIMITED | F54: ACEFOUR_ACCESSORIES_B2B | G54: ACEFOUR ACCESSORIES PRIVATE LIMITED | K54: LAZER_B2B | L54: LAZER INDIA PRIVATE LIMITED | M54: New client (Mar'26) | N54: Sudhanshu | X54: =_xlfn.XLOOKUP(Y54,master!M:M,master!L:L) -> ZIVORE_B2B | Y54: ZIVORE APPAREL PRIVATE LIMITED | Z54: 58426 | AA54: 884880 | AB54: =COUNTIFS(Base!$C:$C,MAPPING!X54) -> 1
C55: AVNBUSINESS_B2B | D55: AVN BUSINESS SOLUTIONS PRIVATE LIMITED | F55: AVNBUSINESS_B2B | G55: AVN BUSINESS SOLUTIONS PRIVATE LIMITED | K55: Argo_Retail_B2B | L55: ARGO TRADING INDIA PRIVATE LIMITED | M55: new client (Jul'25) | N55: Aman | X55: =_xlfn.XLOOKUP(Y55,master!M:M,master!L:L) -> ITHINK_LOGISTIC_B2B | Y55: ITHINK LOGISTIC QUICK SERVICES PRIVATE LIMITED | Z55: 7699 | AA55: 191994 | AB55: =COUNTIFS(Base!$C:$C,MAPPING!X55) -> 1
C56: Warner_B2B | D56: Warner Industries | F56: Warner_B2B | G56: Warner Industries | K56: XYXX_APPARELS_B2B | L56: XYXX APPARELS PRIVATE LIMITED | M56: New client (Apr'26) | N56: Deepak | X56: =_xlfn.XLOOKUP(Y56,master!M:M,master!L:L) -> JRN_EXPRESS_B2B | Y56: JRN EXPRESS | Z56: 46711 | AA56: 413293 | AB56: =COUNTIFS(Base!$C:$C,MAPPING!X56) -> 1
C57: COOKD_VENTURES_B2B | D57: COOKD VENTURES PRIVATE LIMITED | F57: COOKD_VENTURES_B2B | G57: COOKD VENTURES PRIVATE LIMITED | K57: Modenik_TRP_B2B | L57: MODENIK LIFESTYLE PRIVATE LIMITED | M57: - | N57: Balu | X57: =_xlfn.XLOOKUP(Y57,master!M:M,master!L:L) -> AGILITAS_B2B | Y57: AGILITAS BRANDS PRIVATE LIMITED | Z57: 5357 | AA57: 250422 | AB57: =COUNTIFS(Base!$C:$C,MAPPING!X57) -> 1
... C81: APEX_APPARELS_B2B | D81: APEX APPARELS | F81: APEX_APPARELS_B2B | G81: APEX APPARELS | K81: ASIAN_FOOTWEARS_B2B | L81: ASIAN FOOTWEARS PRIVATE LIMITED | M81: - | N81: Rahul | X81: =_xlfn.XLOOKUP(Y81,master!M:M,master!L:L) -> AJANTA_SHOES_B2B | Y81: AJANTA SHOES (INDIA) PRIVATE LIMITED | Z81: 47545 | AA81: 594150 | AB81: =COUNTIFS(Base!$C:$C,MAPPING!X81) -> 1
C82: Bombay_Wheels_B2B | D82: BOMBAY WHEELS | F82: Bombay_Wheels_B2B | G82: BOMBAY WHEELS | K82: AdityaBirlaFashion_b2b | L82: ADITYA BIRLA FASHION AND RETAIL LIMITED | M82: - | N82: Vandana | X82: =_xlfn.XLOOKUP(Y82,[1]rpk!$B:$B,[1]rpk!$A:$A) -> SME_EXPRESS_B2B | Y82: SME EXPRESS | Z82: 64967 | AA82: 737724 | AB82: =COUNTIFS(Base!$C:$C,MAPPING!X82) -> 1
C83: Libas_B2B_FTL | D83: ZIVORE APPAREL PRIVATE LIMITED | F83: Libas_B2B_FTL | G83: ZIVORE APPAREL PRIVATE LIMITED | K83: THE_EARTH_B2B | L83: THE EARTH STORE | M83: New client (May'26) | N83: Pramod | X83: =_xlfn.XLOOKUP(Y83,[1]rpk!$B:$B,[1]rpk!$A:$A) -> FMI_LTD_B2B | Y83: FMI LIMITED | Z83: 118964 | AA83: 935853 | AB83: =COUNTIFS(Base!$C:$C,MAPPING!X83) -> 1
C84: PINPOINT_SALES_LLP | D84: PIN POINT SALES LLP | F84: PINPOINT_SALES_LLP | G84: PIN POINT SALES LLP | K84: ALPINO_B2B | L84: ALPINO HEALTH FOODS PRIVATE LIMITED | M84: New client (Feb'26) | N84: Pooja | X84: =_xlfn.XLOOKUP(Y84,master!M:M,master!L:L) -> Griffen_Logistics_B2B | Y84: GRIFFEN LOGISTICS | Z84: 16283 | AA84: 294758 | AB84: =COUNTIFS(Base!$C:$C,MAPPING!X84) -> 1
C85: DISMANTLE_DIGITAL_B2B | D85: DISMANTLE DIGITAL PRIVATE LIMITED | F85: DISMANTLE_DIGITAL_B2B | G85: DISMANTLE DIGITAL PRIVATE LIMITED | K85: TBJ_IMPEX_B2B | L85: TBJ IMPEX PRIVATE LIMITED | M85: New client (May'26) | N85: Sudhanshu | X85: =_xlfn.XLOOKUP(Y85,master!M:M,master!L:L) -> 4TH_PHARMA_B2B | Y85: 4THD PHARMA PRIVATE LIMITED | Z85: 1230 | AA85: 76296 | AB85: =COUNTIFS(Base!$C:$C,MAPPING!X85) -> 1
C86: J3J_ECOM_B2B | D86: J3J ECOM PRIVATE LIMITED | F86: J3J_ECOM_B2B | G86: J3J ECOM PRIVATE LIMITED | K86: KMCR_SOLUTION_B2B | L86: KMCR SOLUTIONS (OPC) PRIVATE LIMITED | M86: - | N86: Pallavi | X86: =_xlfn.XLOOKUP(Y86,master!M:M,master!L:L) -> KIYAN_ENTERPRISES_B2B | Y86: KIYAN ENTERPRISES | Z86: 33628 | AA86: 369649 | AB86: =COUNTIFS(Base!$C:$C,MAPPING!X86) -> 1
C87: Shipclues_B2B | D87: Shipclues Technologies Private Limited | F87: Shipclues_B2B | G87: Shipclues Technologies Private Limited | K87: Pantaloons_B2B | L87: ADITYA BIRLA FASHION AND RETAIL LIMITED | M87: New client (jun'25) | N87: Gaurav Narayan | X87: =_xlfn.XLOOKUP(Y87,[1]rpk!$B:$B,[1]rpk!$A:$A) -> SAYAJI_B2B | Y87: SAYAJI FOODS PRIVATE LIMITED | Z87: 1396 | AA87: 26868 | AB87: =COUNTIFS(Base!$C:$C,MAPPING!X87) -> 1
C88: MERIL_DIAGNOSTICS_B2B | D88: MERIL DIAGNOSTICS PRIVATE LIMITED | F88: MERIL_DIAGNOSTICS_B2B | G88: MERIL DIAGNOSTICS PRIVATE LIMITED | K88: PROZO_INTEGRATED_B2B | L88: PROZO INTEGRATED LOGISTICS PRIVATE LIMITED | M88: New client (Apr'26) | N88: Avinash | X88: =_xlfn.XLOOKUP(Y88,master!M:M,master!L:L) -> SUDHIR_AUTOMOTIVE_B2B | Y88: SUDHIR AUTOMOTIVE INDUSTRIES PRIVATE LIMITED | Z88: 39665 | AA88: 358090 | AB88: =COUNTIFS(Base!$C:$C,MAPPING!X88) -> 1
C89: MICRO_LIFE_B2B | D89: MICRO LIFE SCIENCES PRIVATE LIMITED | F89: MICRO_LIFE_B2B | G89: MICRO LIFE SCIENCES PRIVATE LIMITED | K89: STYLE_WAVES_B2B | L89: STYLE WAVES LLP | M89: New client (Oct'25) | N89: Avinash | X89: =_xlfn.XLOOKUP(Y89,master!M:M,master!L:L) -> MEDITREE_AMD_B2B | Y89: MEDITREE LIFECARE LLP | Z89: 4511 | AA89: 42942 | AB89: =COUNTIFS(Base!$C:$C,MAPPING!X89) -> 1
C90: Jayshree_Textile_B2B | D90: Grasim Industries Limited | F90: Jayshree_Textile_B2B | G90: Grasim Industries Limited | K90: 1MG_B2B | L90: TATA 1MG HEALTHCARE SOLUTIONS PRIVATE LIMITED | M90: New client (Mar'26) | N90: Avinash | X90: =_xlfn.XLOOKUP(Y90,master!M:M,master!L:L) -> SNITCH_B2B | Y90: SNITCH APPARELS PRIVATE LIMITED | Z90: 16471 | AA90: 247989 | AB90: =COUNTIFS(Base!$C:$C,MAPPING!X90) -> 1
C91: FURRPLE_B2B | D91: FURRPLE | F91: FURRPLE_B2B | G91: FURRPLE | K91: ADITYA_ENTERPRISES_B2B | L91: ADITYA ENTERPRISES | M91: New client (Mar'26) | N91: Sanchit | X91: =_xlfn.XLOOKUP(Y91,master!M:M,master!L:L) -> ACEFOUR_ACCESSORIES_B2B | Y91: ACEFOUR ACCESSORIES PRIVATE LIMITED | Z91: 29499 | AA91: 238874 | AB91: =COUNTIFS(Base!$C:$C,MAPPING!X91) -> 1
C92: Sassafras_B2B | D92: Kalyr Retail Private Limited | F92: Sassafras_B2B | G92: Kalyr Retail Private Limited | K92: ADL_International_B2B | L92: ADL INTERNATIONAL | M92: New(July) | N92: Pallavi | X92: =_xlfn.XLOOKUP(Y92,master!M:M,master!L:L) -> XYXX_APPARELS_B2B | Y92: XYXX APPARELS PRIVATE LIMITED | Z92: 24048 | AA92: 394099 | AB92: =COUNTIFS(Base!$C:$C,MAPPING!X92) -> 1
C93: Velocity_Consumers_B2B | D93: Velocity consumers Ventures Private Limited | F93: Velocity_Consumers_B2B | G93: Velocity consumers Ventures Private Limited | K93: HOLAPORT_Xhipment_B2B | L93: HOLAPORT LOGISTICS PRIVATE LIMITED | M93: - | N93: Deepak | X93: =_xlfn.XLOOKUP(Y93,master!M:M,master!L:L) -> Prateek_B2B | Y93: PRATEEK ENTERPRISES | Z93: 8711 | AA93: 122586 | AB93: =COUNTIFS(Base!$C:$C,MAPPING!X93) -> 1
C94: PEORA_B2B | D94: PEORA FASHIONS PRIVATE LIMITED | F94: PEORA_B2B | G94: PEORA FASHIONS PRIVATE LIMITED | K94: RUPA_COMPANY_B2B | L94: RUPA & COMPANY LIMITED | M94: New client (May'26) | N94: Pallavi | X94: =_xlfn.XLOOKUP(Y94,master!M:M,master!L:L) -> SANKETHI_B2B | Y94: SANKETHI NUTRIMENTS PRIVATE LIMITED | Z94: 24101 | AA94: 351471 | AB94: =COUNTIFS(Base!$C:$C,MAPPING!X94) -> 1
C95: TONIQRETAIL_B2B | D95: TONIQ RETAIL BRANDS PRIVATE LIMITED | F95: TONIQRETAIL_B2B | G95: TONIQ RETAIL BRANDS PRIVATE LIMITED | K95: JINDAL_B2B | L95: JINDAL FINE INDUSTRIES | M95: New client (May'26) | N95: Raj Kamal | X95: =_xlfn.XLOOKUP(Y95,master!M:M,master!L:L) -> WOCKHARDT_B2B | Y95: Wockhardt Limited | Z95: 30411 | AA95: 188277 | AB95: =COUNTIFS(Base!$C:$C,MAPPING!X95) -> 1
C96: Alluvium_B2B | D96: ALLUVIUM RETAIL LLP | F96: Alluvium_B2B | G96: ALLUVIUM RETAIL LLP | K96: Vstramay_B2B | L96: VASTRAMAY PRIVATE LIMITED | M96: New(Jan) | N96: Vandana | X96: =_xlfn.XLOOKUP(Y96,master!M:M,master!L:L) -> QUANTICO_B2B | Y96: Quantico Global India Private Limited | Z96: 19747 | AA96: 245079 | AB96: =COUNTIFS(Base!$C:$C,MAPPING!X96) -> 1
C97: Celio_B2B | D97: CELIO RETAIL PRIVATE LIMITED | F97: Celio_B2B | G97: CELIO RETAIL PRIVATE LIMITED | K97: Bombay_Wheels_B2B | L97: BOMBAY WHEELS | M97: - | N97: Deepak | X97: =_xlfn.XLOOKUP(Y97,master!M:M,master!L:L) -> PALEX_B2B | Y97: PALEX EXPRESS SERVICES PRIVATE LIMITED | Z97: 12397 | AA97: 150787 | AB97: =COUNTIFS(Base!$C:$C,MAPPING!X97) -> 1
C98: WINNI_RETAILS_B2B | D98: WINNI RETAILS PVT LTD | F98: WINNI_RETAILS_B2B | G98: WINNI RETAILS PVT LTD | K98: Zebronics_Ecom_B2B | L98: ZEBRONICS INDIA PRIVATE LIMITED | M98: New client (May'26) | N98: Pratik | X98: =_xlfn.XLOOKUP(Y98,master!M:M,master!L:L) -> CLASSIC_DISPLAY_B2B | Y98: CLASSIC DISPLAY SYSTEMS PRIVATE LIMITED | Z98: 1624 | AA98: 81227 | AB98: =COUNTIFS(Base!$C:$C,MAPPING!X98) -> 1
C99: Logistos_B2B | D99: LOGISTOS TECHNOLOGY PRIVATE LIMITED | F99: Logistos_B2B | G99: LOGISTOS TECHNOLOGY PRIVATE LIMITED | K99: INNOVENT_B2B | L99: INNOVENT E-COM LLP | M99: New client (jun'25) | N99: Aman | X99: =_xlfn.XLOOKUP(Y99,master!M:M,master!L:L) -> KARMA_SILVERLIFE_B2B | Y99: KARMA SILVERLIFE PRIVATE LIMITED | Z99: 46618 | AA99: 473577 | AB99: =COUNTIFS(Base!$C:$C,MAPPING!X99) -> 1
C100: Shipdockets_B2B | D100: SHIPDOCKETS PRIVATE LIMITED | F100: Shipdockets_B2B | G100: SHIPDOCKETS PRIVATE LIMITED | K100: Adityabirlafashion_RTV_B2B | L100: ADITYA BIRLA FASHION AND RETAIL LIMITED | M100: new client(mar'25) | N100: Vandana | X100: =_xlfn.XLOOKUP(Y100,master!M:M,master!L:L) -> NURECA_LIMITED_B2B | Y100: NURECA LIMITED | Z100: 13317 | AA100: 264337 | AB100: =COUNTIFS(Base!$C:$C,MAPPING!X100) -> 1
C101: Nextin_Logistics_B2B | D101: NEXTIN LOGISTICS | F101: Nextin_Logistics_B2B | G101: NEXTIN LOGISTICS | K101: SOUTHERN HEALTH_B2B | L101: SOUTHERN HEALTH FOODS PRIVATE LIMITED | M101: New client (Jan'25) | N101: Padma | X101: =_xlfn.XLOOKUP(Y101,[1]rpk!$B:$B,[1]rpk!$A:$A) -> CARGOSAVVY_B2B | Y101: CARGOSAVVY LOGISTICS PRIVATE LIMITED | Z101: 37667 | AA101: 479958 | AB101: =COUNTIFS(Base!$C:$C,MAPPING!X101) -> 1
C102: PRAKASH_ENTERPRISES_B2B | D102: PRAKASH ENTERPRISES | F102: PRAKASH_ENTERPRISES_B2B | G102: PRAKASH ENTERPRISES | K102: PROELIUM_B2B | L102: Proelium Learning Solutions Private Limited | M102: New client (Feb'26) | N102: Sanchit | X102: =_xlfn.XLOOKUP(Y102,master!M:M,master!L:L) -> REDTAPE_B2B | Y102: REDTAPE LIMITED | Z102: 82205 | AA102: 1270466 | AB102: =COUNTIFS(Base!$C:$C,MAPPING!X102) -> 1
C103: SHANTI_INTERNATIONAL_B2B | D103: SHANTI INTERNATIONAL | F103: SHANTI_INTERNATIONAL_B2B | G103: SHANTI INTERNATIONAL | K103: STUFA_B2B | L103: STUFA MANUFACTURING ENTERPRISE | M103: New client (Apr'26) | N103: Pramod | X103: =_xlfn.XLOOKUP(Y103,master!M:M,master!L:L) -> AANSWR_FASHION_B2B | Y103: AANSWR FASHION PRIVATE LIMITED | Z103: 31413 | AA103: 365839 | AB103: =COUNTIFS(Base!$C:$C,MAPPING!X103) -> 1
C104: VELLVETTE_LIFESTYLE_B2B | D104: VELLVETTE LIFESTYLE PRIVATE LIMITED | F104: VELLVETTE_LIFESTYLE_B2B | G104: VELLVETTE LIFESTYLE PRIVATE LIMITED | K104: DAS_FOODTECH_B2B | L104: DAS FOODTECH PRIVATE LIMITED | M104: New client (Feb'26) | N104: Kaushal | X104: =_xlfn.XLOOKUP(Y104,master!M:M,master!L:L) -> Campussutra_B2B | Y104: Campussutra Retail Private Limited | Z104: 31762 | AA104: 467811 | AB104: =COUNTIFS(Base!$C:$C,MAPPING!X104) -> 1
C105: Sigma_Overseas_B2B | D105: SIGMA OVERSEAS | F105: Sigma_Overseas_B2B | G105: SIGMA OVERSEAS | K105: ARVIND YOUTH_KG | L105: ARVIND YOUTH BRANDS PRIVATE LIMITED | M105: - | N105: Harshith S | X105: =_xlfn.XLOOKUP(Y105,master!M:M,master!L:L) -> ADL_International_B2B | Y105: ADL INTERNATIONAL | Z105: 18269 | AA105: 311786 | AB105: =COUNTIFS(Base!$C:$C,MAPPING!X105) -> 1
C106: KATELA_CREATION_B2B | D106: KATELA CREATION | F106: KATELA_CREATION_B2B | G106: KATELA CREATION | K106: B_JAIN_PHARMA_B2B | L106: B JAIN PHARMACEUTICALS PRIVATE LIMITED | M106: New client (Apr'26) | N106: Ashish Kumar Pandey | X106: =_xlfn.XLOOKUP(Y106,master!M:M,master!L:L) -> DABSTER_B2B | Y106: DABSTER INTERNATIONAL PRIVATE LIMITED | Z106: 6828 | AA106: 87148 | AB106: =COUNTIFS(Base!$C:$C,MAPPING!X106) -> 1
C107: ITM_B2B | D107: ITM TRADING PRIVATE LIMITED | F107: ITM_B2B | G107: ITM TRADING PRIVATE LIMITED | K107: SNITCH_B2B | L107: SNITCH APPARELS PRIVATE LIMITED | M107: New client (Apr'26) | N107: Deepak | X107: =_xlfn.XLOOKUP(Y107,master!M:M,master!L:L) -> EASTERN_COTTAGE_B2B | Y107: EASTERN COTTAGE SNACKS PRIVATE LIMITED | Z107: 18738 | AA107: 302987 | AB107: =COUNTIFS(Base!$C:$C,MAPPING!X107) -> 1
C108: ROYALEEXPRESS_B2B | D108: ROYALE EXPRESS AND LOGISTICS | F108: ROYALEEXPRESS_B2B | G108: ROYALE EXPRESS AND LOGISTICS | K108: PD_Logistics_B2B | L108: PD LOGISTICS | M108: - | N108: Sanchit | X108: =_xlfn.XLOOKUP(Y108,master!M:M,master!L:L) -> ARVIND YOUTH_KG | Y108: Arvind Youth Brands Private Limited | Z108: 21181 | AA108: 244765 | AB108: =COUNTIFS(Base!$C:$C,MAPPING!X108) -> 0
C109: AGNIRA_LOGISTICS_B2B | D109: AGNIRA LOGISTICS PRIVATE LIMITED | F109: AGNIRA_LOGISTICS_B2B | G109: AGNIRA LOGISTICS PRIVATE LIMITED | K109: BATA_B2B | L109: BATA INDIA LIMITED | M109: New client (Feb'26) | N109: Avinash | X109: =_xlfn.XLOOKUP(Y109,master!M:M,master!L:L) -> Romsons_Medsource_B2B | Y109: ROMSONS MEDSOURCE | Z109: 63144 | AA109: 208134 | AB109: =COUNTIFS(Base!$C:$C,MAPPING!X109) -> 1
C110: SEMINOLE_ELECTRONICS_B2B | D110: SEMINOLE ELECTRONICS PRIVATE LIMITED | F110: SEMINOLE_ELECTRONICS_B2B | G110: SEMINOLE ELECTRONICS PRIVATE LIMITED | K110: Prateek_B2B | L110: PRATEEK ENTERPRISES | M110: New client (Mar'26) | N110: Sanchit | X110: =_xlfn.XLOOKUP(Y110,master!M:M,master!L:L) -> DUKE_FASHIONS_B2B | Y110: DUKE FASHION INDIA LTD | Z110: 45655 | AA110: 700051 | AB110: =COUNTIFS(Base!$C:$C,MAPPING!X110) -> 1
C111: OM_INTERNATIONAL_B2B | D111: OM INTERNATIOPNAL | F111: OM_INTERNATIONAL_B2B | G111: OM INTERNATIOPNAL | K111: GAINT_LOGISTIC_B2B | L111: GAINT LOGISTIC PRIVATE LIMITED | M111: New client (May'26) | N111: Ashish | X111: =_xlfn.XLOOKUP(Y111,master!M:M,master!L:L) -> GLEN_APPLIANCES_B2B | Y111: GLEN APPLIANCES PRIVATE LIMITED | Z111: 37443 | AA111: 465620 | AB111: =COUNTIFS(Base!$C:$C,MAPPING!X111) -> 1
C112: Upscalio_B2B | D112: GREEN SOUL ERGONOMICS PRIVATE LIMITED | F112: Upscalio_B2B | G112: GREEN SOUL ERGONOMICS PRIVATE LIMITED | K112: Signify_West_primary_B2B | L112: SIGNIFY INNOVATIONS INDIA LIMITED | M112: New July'24 | N112: Pallavi | X112: =_xlfn.XLOOKUP(Y112,master!M:M,master!L:L) -> Lily_India_B2B | Y112: LILY INDIA PRIVATE LIMITED | Z112: 18345 | AA112: 165070 | AB112: =COUNTIFS(Base!$C:$C,MAPPING!X112) -> 1
C113: ROTECH_HEALTHCARE_B2B | D113: ROTECH HEALTHCARE PRIVATE LIMITED | F113: ROTECH_HEALTHCARE_B2B | G113: ROTECH HEALTHCARE PRIVATE LIMITED | K113: Griffen_Logistics_B2B | L113: Griffen Logistics | M113: new client (may'25) | N113: Pooja | X113: =_xlfn.XLOOKUP(Y113,master!M:M,master!L:L) -> ADITYA_ENTERPRISES_B2B | Y113: ADITYA ENTERPRISES | Z113: 5007 | AA113: 68935 | AB113: =COUNTIFS(Base!$C:$C,MAPPING!X113) -> 1
... C115: BGN_Apprels_B2B | D115: BGN apparels | F115: BGN_Apprels_B2B | G115: BGN apparels | K115: HANDY_HOME_B2B | L115: HANDY HOME SOLUTIONS PRIVATE LIMITED | M115: new client (may'25) | N115: Aman | X115: =_xlfn.XLOOKUP(Y115,master!M:M,master!L:L) -> RASNA_INDIA_B2B | Y115: RASNA PRIVATE LIMITED | Z115: 16860 | AA115: 167770 | AB115: =COUNTIFS(Base!$C:$C,MAPPING!X115) -> 1
C116: ISANA_Retail_PVT_LTD_B2B | D116: ISANA RETAIL PRIVATE LIMITED | F116: ISANA_Retail_PVT_LTD_B2B | G116: ISANA RETAIL PRIVATE LIMITED | K116: CLASSIC_DISPLAY_B2B | L116: CLASSIC DISPLAY SYSTEMS PRIVATE LIMITED | M116: New client (Mar'26) | N116: Rahul | X116: =_xlfn.XLOOKUP(Y116,[1]rpk!$B:$B,[1]rpk!$A:$A) -> SAFARI_B2B | Y116: SAFARI INDUSTRIES INDIA LIMITED | Z116: 51036 | AA116: 251158 | AB116: =COUNTIFS(Base!$C:$C,MAPPING!X116) -> 1
C117: NAVI_ENTERPRISES_B2B | D117: NAVI ENTERPRISES | F117: NAVI_ENTERPRISES_B2B | G117: NAVI ENTERPRISES | K117: PIKALL_B2B | L117: PIKALL LOGISTICS MANAGEMENT LLP | M117: New client (May'26) | N117: Chandresh | X117: =_xlfn.XLOOKUP(Y117,master!M:M,master!L:L) -> OM_SAI_ENTERPRISES_B2B | Y117: OM SAI ENTERPRISES | Z117: 13117 | AA117: 208908 | AB117: =COUNTIFS(Base!$C:$C,MAPPING!X117) -> 1
C118: CENTRAL E_DISTRIBUTORS_B2B | D118: CENTRAL E DISTRIBUTORS | F118: CENTRAL E_DISTRIBUTORS_B2B | G118: CENTRAL E DISTRIBUTORS | K118: Campussutra_B2B | L118: CAMPUSSUTRA RETAIL PRIVATE LIMITED | M118: New client (jun'25) | N118: Balu | X118: =_xlfn.XLOOKUP(Y118,master!M:M,master!L:L) -> PRATYAYA_B2B | Y118: PRATYAYA E-COMMERCE PRIVATE LIMITED | Z118: 14929 | AA118: 214856 | AB118: =COUNTIFS(Base!$C:$C,MAPPING!X118) -> 1
C119: Singer_India_B2B | D119: Singer India Limited | F119: Singer_India_B2B | G119: Singer India Limited | K119: PUMA_RETAIL_B2B | L119: PUMA SPORTS INDIA PRIVATE LIMITED | M119: - | N119: Deepak | X119: =_xlfn.XLOOKUP(Y119,master!M:M,master!L:L) -> VS_MANI_B2B | Y119: VS MANI PRIVATE LIMITED | Z119: 31677 | AA119: 472422 | AB119: =COUNTIFS(Base!$C:$C,MAPPING!X119) -> 1
C120: GLADPACK_B2B | D120: GLADPACK | F120: GLADPACK_B2B | G120: GLADPACK | K120: Bright_Lifecare_B2B | L120: BRIGHT LIFECARE PRIVATE LIMITED | M120: - | N120: Avinash | X120: =_xlfn.XLOOKUP(Y120,master!M:M,master!L:L) -> SOUTHERN HEALTH_B2B | Y120: Southern Health Foods Private Limited | Z120: 74641 | AA120: 1034801 | AB120: =COUNTIFS(Base!$C:$C,MAPPING!X120) -> 1
C121: Asia_Parcel_B2B | D121: Asia Parcel Service Private Limited | F121: Asia_Parcel_B2B | G121: Asia Parcel Service Private Limited | K121: MANGLA_B2B | L121: MANGLA APPARELS INDIA PRIVATE LIMITED | M121: new client(mar'25) | N121: Rahul Jaiswal | X121: =_xlfn.XLOOKUP(Y121,master!M:M,master!L:L) -> LAZER_B2B | Y121: LAZER INDIA PRIVATE LIMITED | Z121: 50333 | AA121: 499492 | AB121: =COUNTIFS(Base!$C:$C,MAPPING!X121) -> 1
C122: AAJ_ENTERPRISES_B2B | D122: AAJ SUPPLY CHAIN MANAGEMENT PRIVATE LIMITED | F122: AAJ_ENTERPRISES_B2B | G122: AAJ SUPPLY CHAIN MANAGEMENT PRIVATE LIMITED | K122: SUNLIGHT_GLOBAL_B2B | L122: SUNLIGHT SPORTS GLOBAL PRIVATE LIMITED | M122: New client (Aug'25) | N122: Aman | X122: =_xlfn.XLOOKUP(Y122,master!M:M,master!L:L) -> LEEMBODI_FASHION_B2B | Y122: LEEMBOODI FASHION | Z122: 8983 | AA122: 154844 | AB122: =COUNTIFS(Base!$C:$C,MAPPING!X122) -> 1
C123: Dollar_B2B | D123: Dollar Industries Limited | F123: Dollar_B2B | G123: Dollar Industries Limited | K123: PICKRR_B2B | L123: PICKRR TECHNOLOGIES PRIVATE LIMITED | M123: - | N123: Amit | X123: =_xlfn.XLOOKUP(Y123,master!M:M,master!L:L) -> DHANASHREE_B2B | Y123: DHANASHREE ELECTRONICS LTD. | Z123: 38417 | AA123: 335543 | AB123: =COUNTIFS(Base!$C:$C,MAPPING!X123) -> 1
C124: Action_International_B2B | D124: ACTION INTERNATIONAL PRIVATE LIMITED | F124: Action_International_B2B | G124: ACTION INTERNATIONAL PRIVATE LIMITED | K124: SHATAB_B2B | L124: ShaTab Consulting and Distribution Private Limited | M124: New client (May'26) | N124: Avinash | X124: =_xlfn.XLOOKUP(Y124,master!M:M,master!L:L) -> MOXIE_B2B | Y124: Moxie Enterprises | Z124: 8893 | AA124: 120283 | AB124: =COUNTIFS(Base!$C:$C,MAPPING!X124) -> 1
C125: ALPHA_THETA_B2B | D125: ALPHA THETA | F125: ALPHA_THETA_B2B | G125: ALPHA THETA | K125: HD_Enterprise_B2B | L125: HD ENTERPRISE | M125: New client (July'25) | N125: Kaushal | X125: =_xlfn.XLOOKUP(Y125,master!M:M,master!L:L) -> ASIAN_FOOTWEARS_B2B | Y125: ASIAN FOOTWEARS PRIVATE LIMITED | Z125: 10897 | AA125: 96737 | AB125: =COUNTIFS(Base!$C:$C,MAPPING!X125) -> 1
C126: FAM_home_B2B | D126: FAM HOME | F126: FAM_home_B2B | G126: FAM HOME | K126: PRATYAYA_B2B | L126: PRATYAYA E-COMMERCE PRIVATE LIMITED | M126: New client (Nov'25) | N126: Avinash | X126: =_xlfn.XLOOKUP(Y126,master!M:M,master!L:L) -> TIBREWALA_B2B | Y126: TIBREWALA ELECTRONICS LIMITED | Z126: 760 | AA126: 8211 | AB126: =COUNTIFS(Base!$C:$C,MAPPING!X126) -> 1
C127: NIRVASA_B2B | D127: NIRVASA HEALTHCARE PRIVATE LIMITED | F127: NIRVASA_B2B | G127: NIRVASA HEALTHCARE PRIVATE LIMITED | K127: BLEND_B2B | L127: BLEND COLOURS PRIVATE LIMITED | M127: New client (May'26) | N127: Sahilesh | X127: =_xlfn.XLOOKUP(Y127,master!M:M,master!L:L) -> Street Nine_b2b | Y127: STREET NINE FASHIONS PRIVATE LIMITED | Z127: 19913 | AA127: 202390 | AB127: =COUNTIFS(Base!$C:$C,MAPPING!X127) -> 1
C128: YOTTACTO_CONSULTING_B2B | D128: YOTTACTO CONSULTING PRIVATE LIMITED | F128: YOTTACTO_CONSULTING_B2B | G128: YOTTACTO CONSULTING PRIVATE LIMITED | K128: Romsons_Medsource_B2B | L128: ROMSONS MEDSOURCE | M128: - | N128: Pallavi | X128: =_xlfn.XLOOKUP(Y128,master!M:M,master!L:L) -> SANWARIYA_B2B | Y128: SANWARIYA ARTS | Z128: 3069 | AA128: 33047 | AB128: =COUNTIFS(Base!$C:$C,MAPPING!X128) -> 1
... C133: BK_Shah_B2B | D133: B K SHAH CORPORATION | F133: BK_Shah_B2B | G133: B K SHAH CORPORATION | K133: TRUEX_LOGISTIC_B2B | L133: TRUEX LOGISTIC SERVICES PRIVATE LIMITED | M133: revival (May'26) | N133: Avinash | X133: =_xlfn.XLOOKUP(Y133,master!M:M,master!L:L) -> BROEKMAN_B2B | Y133: BROEKMAN LOGISTICS INDIA PRIVATE LIMITED | Z133: 13976 | AA133: 122669 | AB133: =COUNTIFS(Base!$C:$C,MAPPING!X133) -> 1
C134: TEKIES_B2B | D134: TEKIES RETAIL PRIVATE LIMITED | F134: TEKIES_B2B | G134: TEKIES RETAIL PRIVATE LIMITED | K134: SUNLIGHT_B2B | L134: SUNLIGHT SPORTS PRIVATE LIMITED | M134: New client (Aug'25) | N134: Aman | X134: =_xlfn.XLOOKUP(Y134,[1]rpk!$B:$B,[1]rpk!$A:$A) -> MARS_COSMETICS_B2B | Y134: MARS COSMETICS PRIVATE LIMITED | Z134: 7831 | AA134: 165236 | AB134: =COUNTIFS(Base!$C:$C,MAPPING!X134) -> 1
C135: Magnum_Polymers_B2B | D135: MAGNUM POLYMERS | F135: Magnum_Polymers_B2B | G135: MAGNUM POLYMERS | K135: INDIEJEWEL_B2B | L135: INDIEJEWEL FASHIONS PRIVATE LIMITED | M135: - | N135: Deepak | X135: =_xlfn.XLOOKUP(Y135,master!M:M,master!L:L) -> AMLANI_B2B | Y135: AMLANI RETAIL PRIVATE LIMITED | Z135: 15655 | AA135: 222355 | AB135: =COUNTIFS(Base!$C:$C,MAPPING!X135) -> 1
C136: Xcel_Logistics_B2B | D136: M/S XCEL LOGISTICS | F136: Xcel_Logistics_B2B | G136: M/S XCEL LOGISTICS | K136: Arvind Fashion_KG | L136: ARVIND FASHIONS LIMITED | M136: - | N136: Harshith S | X136: =_xlfn.XLOOKUP(Y136,master!M:M,master!L:L) -> SAVEX_B2B | Y136: SAVEX TECHNOLOGIES PRIVATE LIMITED | Z136: 16181 | AA136: 184453 | AB136: =COUNTIFS(Base!$C:$C,MAPPING!X136) -> 1
C137: RAW_HIMALAYA_B2B | D137: RAW HIMALAYAS | F137: RAW_HIMALAYA_B2B | G137: RAW HIMALAYAS | K137: Zebronics_IGST_B2B | L137: ZEBRONICS INDIA PRIVATE LIMITED | M137: New client (May'26) | N137: Pratik | X137: =_xlfn.XLOOKUP(Y137,master!M:M,master!L:L) -> UBER_FASHION_B2B | Y137: UBER FASHION MERCHANDISE PRIVATE LIMITED | Z137: 9393 | AA137: 92017 | AB137: =COUNTIFS(Base!$C:$C,MAPPING!X137) -> 1
C138: INFINATOR_B2B | D138: INFINATOR PRIVATE LIMITED | F138: INFINATOR_B2B | G138: INFINATOR PRIVATE LIMITED | K138: FAMOUS_ROADLINES_B2B | L138: FAMOUS ROADLINES | M138: New client (May'26) | N138: Rajkumar | X138: =_xlfn.XLOOKUP(Y138,[1]rpk!$B:$B,[1]rpk!$A:$A) -> TAPI_FRUIT_B2B | Y138: TAPI FRUIT PROCESSING LIMITED | Z138: 27222 | AA138: 299954 | AB138: =COUNTIFS(Base!$C:$C,MAPPING!X138) -> 1
C139: TRX_B2B | D139: TRUXCARGO PRIVATE LIMITED | F139: TRX_B2B | G139: TRUXCARGO PRIVATE LIMITED | K139: LITTLE_NAP_B2B | L139: Little Nap Designs Private Limited | M139: New client (Feb'26) | N139: Rahul | X139: =_xlfn.XLOOKUP(Y139,[1]rpk!$B:$B,[1]rpk!$A:$A) -> WET_AND_DRY_B2B | Y139: WET AND DRY PERSONAL CARE PRIVATE LIMITED | Z139: 10313 | AA139: 147347 | AB139: =COUNTIFS(Base!$C:$C,MAPPING!X139) -> 1
C140: SOFTLITE_LUGGAGE_B2B | D140: SOFTLITE LUGGAGE PRIVATE LIMITED | F140: SOFTLITE_LUGGAGE_B2B | G140: SOFTLITE LUGGAGE PRIVATE LIMITED | K140: LA_VERNE_B2B | L140: LA VERNE | M140: New client (Apr'26) | N140: Aman | X140: =_xlfn.XLOOKUP(Y140,[1]rpk!$B:$B,[1]rpk!$A:$A) -> REX_INDUSTRIES_B2B | Y140: REX INDUSTRIES INDIA PRIVATE LIMITED | Z140: 2094 | AA140: 25272 | AB140: =COUNTIFS(Base!$C:$C,MAPPING!X140) -> 1
C141: ZIRISE_B2B | D141: ZIRISE TECHNOLOGIES PRIVATE LIMITED | F141: ZIRISE_B2B | G141: ZIRISE TECHNOLOGIES PRIVATE LIMITED | K141: UNICORN_DENMART_B2B | L141: UNICORN DENMART LIMITED | M141: New client (Apr'26) | N141: Sudhanshu | X141: =_xlfn.XLOOKUP(Y141,[1]rpk!$B:$B,[1]rpk!$A:$A) -> VETOQUINOL_B2B | Y141: VETOQUINOL INDIA ANIMAL HEALTH PRIVATE LIMITED | Z141: 12310 | AA141: 121474 | AB141: =COUNTIFS(Base!$C:$C,MAPPING!X141) -> 1
C142: SPARIO_B2B | D142: SPARIO PRIVATE LIMITED | F142: SPARIO_B2B | G142: SPARIO PRIVATE LIMITED | K142: OVERHAUL_B2B | L142: OVERHAUL SOLUTIONS PRIVATE LIMITED | M142: New client (Aug'25) | N142: Kaushal | X142: =_xlfn.XLOOKUP(Y142,master!M:M,master!L:L) -> Happilo_B2B | Y142: HAPPILO INTERNATIONAL PRIVATE LIMITED | Z142: 196 | AA142: 2648 | AB142: =COUNTIFS(Base!$C:$C,MAPPING!X142) -> 1
C143: Kuehne_Nagel_B2B | D143: KUEHNE NAGEL PRIVATE LIMITED | F143: Kuehne_Nagel_B2B | G143: KUEHNE NAGEL PRIVATE LIMITED | K143: GALA_B2B | L143: FREUDENBERG GALA HOUSEHOLD PRODUCT PRIVATE LIMITED | M143: New client (May'26) | N143: Pooja | X143: =_xlfn.XLOOKUP(Y143,[1]rpk!$B:$B,[1]rpk!$A:$A) -> CDS_LOGISTICS_B2B | Y143: CDS LOGISTICS | Z143: 58309 | AA143: 563617 | AB143: =COUNTIFS(Base!$C:$C,MAPPING!X143) -> 1
C144: SEA_TURTLE_B2B | D144: SEA TURTLE PRIVATE LIMITED | F144: SEA_TURTLE_B2B | G144: SEA TURTLE PRIVATE LIMITED | K144: KORES_INBOUND_B2B | L144: KORES INDIA LIMITED | M144: New client (Feb'26) | N144: Pratik | X144: =_xlfn.XLOOKUP(Y144,master!M:M,master!L:L) -> Goswift_B2B | Y144: GOSPRINT LOGISTlCS PRIVATE LIMITED | Z144: 7713 | AA144: 164659 | AB144: =COUNTIFS(Base!$C:$C,MAPPING!X144) -> 1
C145: DABSTER_B2B | D145: DABSTER INTERNATIONAL PRIVATE LIMITED | F145: DABSTER_B2B | G145: DABSTER INTERNATIONAL PRIVATE LIMITED | K145: J3J_ECOM_B2B | L145: J3J ECOM PRIVATE LIMITED | M145: - | N145: Aman | X145: =_xlfn.XLOOKUP(Y145,master!M:M,master!L:L) -> ODDITY_HEALTHCARE_B2B | Y145: ODDITY HEALTHCARE PRIVATE LIMITED | Z145: 3846 | AA145: 161201 | AB145: =COUNTIFS(Base!$C:$C,MAPPING!X145) -> 1
C146: HINDUSTAN_B2B | D146: HINDUSTAN MARKETING | F146: HINDUSTAN_B2B | G146: HINDUSTAN MARKETING | K146: HOLISTIQUE_B2B | L146: HOLISTIQUE BEAUTY PRODUCTS PRIVATE LIMITED | M146: New client (July'25) | N146: Deepak | X146: =_xlfn.XLOOKUP(Y146,master!M:M,master!L:L) -> Amul_Macho_B2B | Y146: J G HOSIERY PRIVATE LIMITED | Z146: 7011 | AA146: 110224 | AB146: =COUNTIFS(Base!$C:$C,MAPPING!X146) -> 1
C147: Campus_B2B | D147: CAMPUS ACTIVEWEAR LIMITED | F147: Campus_B2B | G147: CAMPUS ACTIVEWEAR LIMITED | K147: TUAREG_B2B | L147: TUAREG MARKETING PRIVATE LIMITED | M147: New client (Oct'25) | N147: Avinash | X147: =_xlfn.XLOOKUP(Y147,[1]rpk!$B:$B,[1]rpk!$A:$A) -> TEAKWOOD_B2B | Y147: TEAKWOOD | Z147: 4983 | AA147: 108277 | AB147: =COUNTIFS(Base!$C:$C,MAPPING!X147) -> 1
C148: UBER_FASHION_B2B | D148: UBER FASHION MERCHANDISE PRIVATE LIMITED | F148: UBER_FASHION_B2B | G148: UBER FASHION MERCHANDISE PRIVATE LIMITED | K148: SAR_INTERNATIONALS_B2B | L148: SAR INTERNATIONALS | M148: New client (Mar'26) | N148: Rahul | X148: =_xlfn.XLOOKUP(Y148,master!M:M,master!L:L) -> JK_GYPSUM_B2B | Y148: JK GYPSUM PRIVATE LIMITED | Z148: 1625 | AA148: 29595 | AB148: =COUNTIFS(Base!$C:$C,MAPPING!X148) -> 1
C149: ENPOSSIBILITIES_B2B | D149: ENPOSSIBILITIES PRIVATE LIMITED | F149: ENPOSSIBILITIES_B2B | G149: ENPOSSIBILITIES PRIVATE LIMITED | K149: MIDVISION_B2B | L149: MIDVISION PRIVATE LIMITED | M149: New client (jun'25) | N149: aman | X149: =_xlfn.XLOOKUP(Y149,[1]rpk!$B:$B,[1]rpk!$A:$A) -> LIVPURE_B2B | Y149: LIVPURE SMART HOMES PRIVATE LIMITED | Z149: 26658 | AA149: 303529 | AB149: =COUNTIFS(Base!$C:$C,MAPPING!X149) -> 1
C150: HINIROG_HEALTHTECH_B2B | D150: HINIROG HEALTHTECH PRIVATE LIMITED | F150: HINIROG_HEALTHTECH_B2B | G150: HINIROG HEALTHTECH PRIVATE LIMITED | K150: Schneider_B2B | L150: Schneider Electric Private Limited | M150: New client (Feb'26) | N150: Pramod | X150: =_xlfn.XLOOKUP(Y150,master!M:M,master!L:L) -> TUAREG_B2B | Y150: TUAREG MARKETING PRIVATE LIMITED | Z150: 10632 | AA150: 153290 | AB150: =COUNTIFS(Base!$C:$C,MAPPING!X150) -> 1
C151: BHAIRAVNATH_IMPEX_B2B | D151: BHAIRAVNATH IMPEX | F151: BHAIRAVNATH_IMPEX_B2B | G151: BHAIRAVNATH IMPEX | K151: MANASH_WH_B2B | L151: MANASH LIFESTYLE PRIVATE LIMITED | M151: New client (May'26) | N151: Avinash | X151: =_xlfn.XLOOKUP(Y151,master!M:M,master!L:L) -> Logistos_B2B | Y151: LOGISTOS TECHNOLOGY PRIVATE LIMITED | Z151: 8822 | AA151: 117874 | AB151: =COUNTIFS(Base!$C:$C,MAPPING!X151) -> 1
C152: Arvind_B2B | D152: Arvind Lifestyle Brands Limited | F152: Arvind_B2B | G152: Arvind Lifestyle Brands Limited | K152: INNISFREE_B2B | L152: INNISFREE COSMETICS INDIA PVT. LTD | M152: New client (May'26) | N152: Aman | X152: =_xlfn.XLOOKUP(Y152,master!M:M,master!L:L) -> LUX_LYRA_B2B | Y152: LUX INDUSTRIES LIMITED | Z152: 34639 | AA152: 395931 | AB152: =COUNTIFS(Base!$C:$C,MAPPING!X152) -> 1
C153: Eshopbox_B2B | D153: ESHOPBOX E-COMMERCE PRIVATE LIMITED | F153: Eshopbox_B2B | G153: ESHOPBOX E-COMMERCE PRIVATE LIMITED | K153: ZIVORE_B2B | L153: ZIVORE APPAREL PRIVATE LIMITED | M153: New client (May'26) | N153: Sanchit | X153: =_xlfn.XLOOKUP(Y153,master!M:M,master!L:L) -> THE_EARTH_B2B | Y153: THE EARTH STORE | Z153: 18310 | AA153: 254344 | AB153: =COUNTIFS(Base!$C:$C,MAPPING!X153) -> 1
C154: Kotty_B2B | D154: Kotty Lifestyle Private Limited | F154: Kotty_B2B | G154: Kotty Lifestyle Private Limited | K154: VELMOC_B2B | L154: VELMOC INTERNATIONAL | M154: New client (May'26) | N154: Raj Kamal | X154: =_xlfn.XLOOKUP(Y154,master!M:M,master!L:L) -> SAR_INTERNATIONALS_B2B | Y154: SAR INTERNATIONALS | Z154: 10984 | AA154: 128234 | AB154: =COUNTIFS(Base!$C:$C,MAPPING!X154) -> 1
C155: Simplicist_care_B2B | D155: Simplicist Care LLP | F155: Simplicist_care_B2B | G155: Simplicist Care LLP | K155: SYNFOCOM_B2B | L155: SYNFOCOM SYSTEMS LLP | M155: new client (may'25) | N155: Deepak | X155: =_xlfn.XLOOKUP(Y155,master!M:M,master!L:L) -> ALPINO_B2B | Y155: ALPINO HEALTH FOODS PRIVATE LIMITED | Z155: 225 | AA155: 11233 | AB155: =COUNTIFS(Base!$C:$C,MAPPING!X155) -> 1
C156: TEAXPRESS_B2B | D156: TEAXPRESS PRIVATE LIMITED | F156: TEAXPRESS_B2B | G156: TEAXPRESS PRIVATE LIMITED | K156: AUSTRALIAN_FOODS_B2B | L156: AUSTRALIAN FOODS INDIA PRIVATE LIMITED | M156: New client (Apr'26) | N156: Anand Elango | X156: =_xlfn.XLOOKUP(Y156,master!M:M,master!L:L) -> CAFE_COFFEE_AHM_B2B | Y156: COFFEE DAY GLOBAL LIMITED | Z156: 2307 | AA156: 73345 | AB156: =COUNTIFS(Base!$C:$C,MAPPING!X156) -> 1
C157: LITTLE_B2B | D157: LITTLE RUNWAYS WHOLESALE PRIVATE LIMITED | F157: LITTLE_B2B | G157: LITTLE RUNWAYS WHOLESALE PRIVATE LIMITED | K157: BARFLEX_B2B | L157: BARFLEX POLYFILMS LIMITED | M157: New client (Nov'25) | N157: Shekhar | X157: =_xlfn.XLOOKUP(Y157,master!M:M,master!L:L) -> STUDDS_B2B | Y157: STUDDS ACCESSORIES LIMITED | Z157: 25638 | AA157: 333511 | AB157: =COUNTIFS(Base!$C:$C,MAPPING!X157) -> 1
...
